lockerId,firstname,lastname,email,phone_number,expiration
0dee87d4-4393-11ec-92ab-5254004e4f4c,Maynard,Raynor,Ali_Parker31@yahoo.com,+41 47 369 67 43,2023-05-14
0deeb99e-4393-11ec-92ab-5254004e4f4c,Jaylin,Braun,Keyshawn_Tremblay36@gmail.com,+41 36 663 54 72,2023-05-14
0deebfbf-4393-11ec-92ab-5254004e4f4c,Nasir,Murray,Juliana_Stokes@hotmail.com,+41 11 279 73 67,2023-05-14
0f0affec-237d-11ec-8629-5254004e4f4c,Luna,Baumbach,Felipe.Hickle@gmail.com,+41 34 964 55 80,2023-05-14
187fef5f-4393-11ec-92ab-5254004e4f4c,Kelsi,Kling,Lolita.McClure48@gmail.com,+41 71 541 95 12,2023-05-14
187fef71-4393-11ec-92ab-5254004e4f4c,Rollin,Pagac,Verna94@gmail.com,+41 63 384 73 01,2022-09-01
188011a4-4393-11ec-92ab-5254004e4f4c,Aurelia,Hoppe,Candice.Rodriguez@gmail.com,+41 73 647 89 48,2023-05-14
1880136b-4393-11ec-92ab-5254004e4f4c,Justen,Ullrich,Gina27@hotmail.com,+41 57 436 21 60,2023-05-14
1edf5631-330a-11ec-ab1d-5254004e4f4c,Savanna,Swaniawski,Rodolfo70@yahoo.com,+41 83 204 40 97,2023-05-14
1edf568a-330a-11ec-ab1d-5254004e4f4c,Deshaun,Hegmann,Kristin.Boyle80@gmail.com,+41 82 649 64 95,2022-09-01
1edfdb2c-330a-11ec-ab1d-5254004e4f4c,Carmel,Romaguera,Lukas1@hotmail.com,+41 65 986 20 18,2022-09-01
1edfe8a0-330a-11ec-ab1d-5254004e4f4c,Fae,Grimes,Frederik_Flatley36@yahoo.com,+41 00 332 14 55,2023-05-14
1edff74e-330a-11ec-ab1d-5254004e4f4c,Felipe,Gorczany,Gianni.Frami7@gmail.com,+41 85 355 79 37,2022-09-01
1ee0118a-330a-11ec-ab1d-5254004e4f4c,Eunice,Hettinger,Modesto_Stroman66@hotmail.com,+41 98 124 10 06,2022-09-01
1ee01f9c-330a-11ec-ab1d-5254004e4f4c,Shyann,Paucek,Hailee68@gmail.com,+41 03 792 58 55,2022-09-01
1ef34bd2-330a-11ec-ab1d-5254004e4f4c,Romaine,Kunze,Nicolette_Trantow24@gmail.com,+41 86 105 74 91,2022-09-01
1ef350cb-330a-11ec-ab1d-5254004e4f4c,Trevion,Botsford,Ryann.Boehm@gmail.com,+41 51 649 31 27,2022-09-01
1ef37321-330a-11ec-ab1d-5254004e4f4c,Makenzie,Bashirian,Anissa.Jacobson@hotmail.com,+41 02 667 54 57,2023-05-14
1ef37688-330a-11ec-ab1d-5254004e4f4c,Lorna,Jacobs,Felicita13@hotmail.com,+41 38 145 27 94,2022-09-01
1ef3915e-330a-11ec-ab1d-5254004e4f4c,Evangeline,Jenkins,Blanca_Grady@gmail.com,+41 50 437 94 77,2022-09-01
1ef39397-330a-11ec-ab1d-5254004e4f4c,Kareem,Jaskolski,Bette_Goyette5@yahoo.com,+41 22 743 71 77,2022-09-01
1ef399a7-330a-11ec-ab1d-5254004e4f4c,Nicole,Dare,Winona_Sanford@gmail.com,+41 22 692 30 43,2022-09-01
1ef3a480-330a-11ec-ab1d-5254004e4f4c,Johnpaul,Cartwright,Thea.Morar52@yahoo.com,+41 99 920 93 47,2022-09-01
1ef3a717-330a-11ec-ab1d-5254004e4f4c,Damon,Crooks,German.Beatty57@hotmail.com,+41 29 630 28 08,2023-05-14
1ef3b20e-330a-11ec-ab1d-5254004e4f4c,Dahlia,King,Leora.Toy42@hotmail.com,+41 43 223 10 62,2022-09-01
1ef3bb9a-330a-11ec-ab1d-5254004e4f4c,Beau,Kub,Clarissa.Boehm45@hotmail.com,+41 19 449 26 49,2022-09-01
1ef3c36a-330a-11ec-ab1d-5254004e4f4c,Marcos,Ratke,Ressie98@gmail.com,+41 63 681 56 05,2022-09-01
1ef3c5fa-330a-11ec-ab1d-5254004e4f4c,Reed,Langosh,Judah_Kshlerin42@hotmail.com,+41 94 125 72 49,2022-09-01
1ef3cf90-330a-11ec-ab1d-5254004e4f4c,Norberto,Reynolds,Zane_Yost20@yahoo.com,+41 25 836 54 99,2022-09-01
1ef3dc13-330a-11ec-ab1d-5254004e4f4c,Dawson,Denesik,Annalise36@gmail.com,+41 36 741 64 25,2023-05-14
1ef3e470-330a-11ec-ab1d-5254004e4f4c,Tiffany,Feil,Dawn_Altenwerth@gmail.com,+41 69 736 99 04,2023-05-14
1ef3fa82-330a-11ec-ab1d-5254004e4f4c,Philip,D'Amore,Germaine27@yahoo.com,+41 02 143 69 25,2022-09-01
1ef40e15-330a-11ec-ab1d-5254004e4f4c,Clemmie,Gutkowski,Veda_Rodriguez95@yahoo.com,+41 25 100 18 31,2022-09-01
1ef4111b-330a-11ec-ab1d-5254004e4f4c,Hazle,O'Kon,Pattie64@gmail.com,+41 55 273 82 69,2022-09-01
1ef429f9-330a-11ec-ab1d-5254004e4f4c,Hailee,Russel,Ethel40@gmail.com,+41 76 655 90 24,2022-09-01
1ef43429-330a-11ec-ab1d-5254004e4f4c,Verna,Grady,Gavin_Kiehn61@hotmail.com,+41 34 878 38 07,2023-05-14
1ef43a68-330a-11ec-ab1d-5254004e4f4c,Judd,Mosciski,Zelma_Mertz9@gmail.com,+41 95 742 37 77,2022-09-01
1ef44998-330a-11ec-ab1d-5254004e4f4c,Madyson,Doyle,Aliyah.Smitham@yahoo.com,+41 18 553 77 23,2022-09-01
1ef44f38-330a-11ec-ab1d-5254004e4f4c,Ila,Davis,Wilson_Mayer@yahoo.com,+41 01 996 93 88,2022-09-01
1ef48fff-330a-11ec-ab1d-5254004e4f4c,Emilia,Monahan,Leopoldo34@gmail.com,+41 91 287 79 18,2022-09-01
1ef4b0b3-330a-11ec-ab1d-5254004e4f4c,Lottie,Hartmann,Theron_Kessler31@yahoo.com,+41 94 885 24 51,2022-09-01
22bb7449-d1d5-11ec-af5f-5254004e4f4c,Virgie,Stroman,Kathlyn.Dietrich21@gmail.com,+41 05 514 16 25,2023-05-14
22bb85a9-d1d5-11ec-af5f-5254004e4f4c,Kavon,Hagenes,Delores98@yahoo.com,+41 40 953 40 50,2023-05-14
22bba079-d1d5-11ec-af5f-5254004e4f4c,Lon,Botsford,Hyman.Kilback75@yahoo.com,+41 02 685 31 89,2022-05-15
22bbb1e8-d1d5-11ec-af5f-5254004e4f4c,Isaac,Fritsch,Antoinette98@yahoo.com,+41 44 594 93 76,2023-05-15
22bbdd5c-d1d5-11ec-af5f-5254004e4f4c,Nia,Leffler,Stewart.OConner@gmail.com,+41 39 813 01 03,2022-05-15
22bf0f57-d1d5-11ec-af5f-5254004e4f4c,Alexys,Larson,George72@hotmail.com,+41 97 793 56 79,2022-05-15
22bf1a16-d1d5-11ec-af5f-5254004e4f4c,Myra,Bogisich,Ned_Quitzon@hotmail.com,+41 92 039 87 41,2022-05-15
22bf2844-d1d5-11ec-af5f-5254004e4f4c,George,Morissette,Dominic31@hotmail.com,+41 29 742 91 10,2023-05-15
22bf2e26-d1d5-11ec-af5f-5254004e4f4c,Keeley,Armstrong,Gisselle71@gmail.com,+41 96 512 86 25,2022-05-15
22bf33be-d1d5-11ec-af5f-5254004e4f4c,Darius,Rempel,Sabryna.Rath@gmail.com,+41 83 561 46 50,2022-05-15
22bf48c7-d1d5-11ec-af5f-5254004e4f4c,Toni,Mosciski,Frederique.Nitzsche@yahoo.com,+41 55 815 83 21,2022-05-15
22bf5334-d1d5-11ec-af5f-5254004e4f4c,Ruthe,Langworth,Rebeca.Hessel76@hotmail.com,+41 97 827 25 25,2023-05-14
22bf57ac-d1d5-11ec-af5f-5254004e4f4c,George,Witting,Rusty48@gmail.com,+41 95 720 87 49,2023-05-14
22bf5d4b-d1d5-11ec-af5f-5254004e4f4c,Mittie,Batz,Shakira.Parisian10@yahoo.com,+41 38 537 43 24,2023-05-14
22bf61f0-d1d5-11ec-af5f-5254004e4f4c,Cornell,Osinski,Clark_Kozey67@yahoo.com,+41 66 495 52 28,2022-05-15
22bf67e5-d1d5-11ec-af5f-5254004e4f4c,Eliane,Langworth,Maggie_Rippin@gmail.com,+41 62 903 34 53,2022-05-15
22bf83e3-d1d5-11ec-af5f-5254004e4f4c,Vella,Schaden,Alfred_Rath@gmail.com,+41 42 040 33 54,2023-05-14
22bf89f3-d1d5-11ec-af5f-5254004e4f4c,Ardith,Rempel,Laron60@yahoo.com,+41 55 325 32 13,2022-05-15
22bf977c-d1d5-11ec-af5f-5254004e4f4c,Jadyn,Kuhic,Bret.Marquardt22@gmail.com,+41 06 771 88 63,2023-05-14
22bf9cd4-d1d5-11ec-af5f-5254004e4f4c,Talia,Rice,Elias_Walter@hotmail.com,+41 15 291 67 16,2022-05-15
22bfb1d8-d1d5-11ec-af5f-5254004e4f4c,Cielo,Windler,Kaden.Paucek8@gmail.com,+41 02 678 42 67,2022-05-15
22bfba8a-d1d5-11ec-af5f-5254004e4f4c,Lilly,Stracke,Mac33@yahoo.com,+41 28 486 51 60,2022-05-15
22bfbf9a-d1d5-11ec-af5f-5254004e4f4c,Chadd,Wehner,Chandler9@gmail.com,+41 65 441 42 60,2023-05-15
22bfc85a-d1d5-11ec-af5f-5254004e4f4c,Cortez,Volkman,Benton33@yahoo.com,+41 75 662 10 48,2023-05-14
22bfccd1-d1d5-11ec-af5f-5254004e4f4c,Rory,Wolff,Braeden91@hotmail.com,+41 49 402 77 56,2023-05-15
22bfd1d3-d1d5-11ec-af5f-5254004e4f4c,Juliana,Von,Rhiannon_Jenkins13@gmail.com,+41 63 372 58 14,2023-05-14
22bff120-d1d5-11ec-af5f-5254004e4f4c,Fabiola,Murazik,Everett_Rowe57@hotmail.com,+41 25 037 31 97,2023-05-14
22bffecf-d1d5-11ec-af5f-5254004e4f4c,Bryon,Tremblay,Virgil.Schiller14@hotmail.com,+41 28 425 36 85,2022-05-15
22c007a8-d1d5-11ec-af5f-5254004e4f4c,Delilah,Ritchie,Tyrique33@hotmail.com,+41 79 532 13 57,2023-05-14
22c00d5e-d1d5-11ec-af5f-5254004e4f4c,Karelle,Murphy,Dorothy.Hintz@yahoo.com,+41 04 245 19 21,2022-05-15
22c02960-d1d5-11ec-af5f-5254004e4f4c,Darrel,Brakus,Maegan_Langosh@gmail.com,+41 36 555 47 23,2023-05-14
22c02e8b-d1d5-11ec-af5f-5254004e4f4c,Elsa,Blanda,Terrence67@yahoo.com,+41 64 356 49 41,2022-05-15
22c03887-d1d5-11ec-af5f-5254004e4f4c,Jayne,Rippin,Margarete.Marks72@gmail.com,+41 72 011 29 91,2023-05-14
22c03d41-d1d5-11ec-af5f-5254004e4f4c,Rose,Goldner,Lesly_Schaefer@yahoo.com,+41 43 984 76 28,2023-05-14
22c04d89-d1d5-11ec-af5f-5254004e4f4c,Margarette,Stoltenberg,Billy42@hotmail.com,+41 54 985 08 10,2022-05-15
22c053ec-d1d5-11ec-af5f-5254004e4f4c,Felton,Gutkowski,Cordia3@hotmail.com,+41 78 428 93 12,2023-05-14
22c0584c-d1d5-11ec-af5f-5254004e4f4c,Caleigh,Lowe,Justice_Runolfsson@yahoo.com,+41 23 117 54 88,2022-05-15
22c05df7-d1d5-11ec-af5f-5254004e4f4c,Autumn,Torphy,Gail_Goldner69@hotmail.com,+41 65 109 91 36,2023-05-14
22c06303-d1d5-11ec-af5f-5254004e4f4c,Jaylin,Simonis,Beulah71@hotmail.com,+41 87 137 91 47,2022-05-15
22c06315-d1d5-11ec-af5f-5254004e4f4c,Ima,Lockman,Nannie.Kertzmann16@hotmail.com,+41 99 453 65 01,2023-05-14
22c06962-d1d5-11ec-af5f-5254004e4f4c,Dale,Stoltenberg,Emelie63@yahoo.com,+41 17 069 48 99,2022-05-15
2a37dfe5-4393-11ec-92ab-5254004e4f4c,Reba,Haag,Sonny.Fisher@yahoo.com,+41 99 408 32 35,2023-05-14
2a38083a-4393-11ec-92ab-5254004e4f4c,Hiram,Rowe,Reggie32@hotmail.com,+41 16 226 85 59,2023-05-14
2a382b4a-4393-11ec-92ab-5254004e4f4c,Rhea,Ward,Zoila.Barrows14@hotmail.com,+41 89 647 20 17,2023-05-14
2cf794f6-d20c-11ec-a383-5254004e4f4c,Tillman,Boehm,Priscilla_Douglas@hotmail.com,+41 20 317 61 99,2023-05-14
2cf7951a-d20c-11ec-a383-5254004e4f4c,Madie,Kutch,Mariane_Waters1@yahoo.com,+41 69 497 52 31,2023-05-14
2cf7d99b-d20c-11ec-a383-5254004e4f4c,Delia,Ziemann,Jeremy_Braun@gmail.com,+41 14 609 34 17,2023-05-14
2cf8146a-d20c-11ec-a383-5254004e4f4c,General,Rolfson,Henriette.Schuppe70@gmail.com,+41 65 620 99 27,2023-05-14
2cf84754-d20c-11ec-a383-5254004e4f4c,Aidan,Feest,Cicero.Schinner@yahoo.com,+41 82 858 87 14,2023-05-14
328a012d-4393-11ec-92ab-5254004e4f4c,Elmo,Ullrich,River.Koepp@yahoo.com,+41 20 589 34 28,2023-05-14
328a0139-4393-11ec-92ab-5254004e4f4c,Malachi,Parisian,Horace42@gmail.com,+41 12 285 52 57,2023-05-14
328a1dd6-4393-11ec-92ab-5254004e4f4c,Hester,Windler,America_Jenkins80@hotmail.com,+41 92 880 54 28,2023-05-14
3717b36a-e560-11eb-8053-5254004e4f4c,Norwood,Mayer,Gillian82@yahoo.com,+41 21 182 18 59,2022-09-01
37180d80-e560-11eb-8053-5254004e4f4c,Mattie,Wehner,Diamond62@yahoo.com,+41 90 641 53 32,2023-05-14
37181e97-e560-11eb-8053-5254004e4f4c,Clotilde,Ratke,Clovis6@hotmail.com,+41 34 423 64 00,2023-05-14
37183760-e560-11eb-8053-5254004e4f4c,Kian,Buckridge,Victoria31@hotmail.com,+41 34 557 33 05,2023-05-14
37186a87-e560-11eb-8053-5254004e4f4c,Cletus,Kuvalis,Angie42@yahoo.com,+41 22 300 43 78,2022-05-15
3718819f-e560-11eb-8053-5254004e4f4c,Jeffry,Kemmer,Carolyne64@gmail.com,+41 86 893 02 92,2022-09-01
3718a342-e560-11eb-8053-5254004e4f4c,Horacio,Altenwerth,Walter.Goldner19@yahoo.com,+41 07 632 99 58,2023-05-14
371935e2-e560-11eb-8053-5254004e4f4c,Oscar,Rath,Graciela.Mertz@yahoo.com,+41 48 721 44 94,2023-05-14
3719952d-e560-11eb-8053-5254004e4f4c,Elbert,Maggio,Marco_Parker@hotmail.com,+41 27 209 66 52,2023-05-14
3719a7a2-e560-11eb-8053-5254004e4f4c,Myrtis,Rempel,Murray_Runolfsdottir61@hotmail.com,+41 02 405 64 90,2023-05-14
3719c5c4-e560-11eb-8053-5254004e4f4c,Elizabeth,Kutch,Dennis34@gmail.com,+41 02 653 22 13,2023-05-14
3719e59a-e560-11eb-8053-5254004e4f4c,Elmo,Kassulke,Jasmin20@gmail.com,+41 66 660 97 10,2023-05-14
371a1956-e560-11eb-8053-5254004e4f4c,Ryley,Becker,Friedrich_Huel29@gmail.com,+41 09 875 29 57,2022-09-01
371a3263-e560-11eb-8053-5254004e4f4c,Lydia,Davis,Alfonso99@hotmail.com,+41 52 701 81 78,2022-09-01
371a3b75-e560-11eb-8053-5254004e4f4c,Jeremie,Strosin,Alfonzo.Terry37@hotmail.com,+41 98 650 85 82,2023-05-14
371a4454-e560-11eb-8053-5254004e4f4c,Kristy,Dietrich,Rylan.Boyer15@gmail.com,+41 87 143 46 90,2022-09-01
371a4d5c-e560-11eb-8053-5254004e4f4c,Chester,Conn,Jane.Hoeger78@gmail.com,+41 43 178 95 49,2023-05-14
371a5c0f-e560-11eb-8053-5254004e4f4c,Holly,Gleason,Gerson.Ziemann@gmail.com,+41 74 521 09 41,2022-09-01
371a786c-e560-11eb-8053-5254004e4f4c,Colby,Weber,Angelita.Runolfsson@yahoo.com,+41 72 155 93 57,2023-05-14
481e3c0f-d20c-11ec-a383-5254004e4f4c,Shawna,Lindgren,Yolanda65@gmail.com,+41 19 017 24 07,2023-05-14
481e8127-d20c-11ec-a383-5254004e4f4c,Rhett,Franecki,Hardy44@hotmail.com,+41 13 612 92 03,2023-05-14
48cf2337-e560-11eb-8053-5254004e4f4c,Jocelyn,Dooley,Verona.Terry@yahoo.com,+41 44 511 64 52,2023-05-14
48cf23c9-e560-11eb-8053-5254004e4f4c,Roslyn,Morissette,Jayme_Auer@yahoo.com,+41 88 884 47 09,2022-05-15
48cfa0ba-e560-11eb-8053-5254004e4f4c,Rowan,Wolf,Rylan66@yahoo.com,+41 56 220 53 72,2022-09-01
48cfa8d1-e560-11eb-8053-5254004e4f4c,Samanta,Gislason,Vincenzo68@gmail.com,+41 05 870 57 58,2023-05-14
48cfb4ba-e560-11eb-8053-5254004e4f4c,Tom,Hettinger,Antwan_Becker@hotmail.com,+41 71 468 20 00,2022-09-01
48cfdd9c-e560-11eb-8053-5254004e4f4c,Kendrick,Corwin,Mariela_Schumm96@yahoo.com,+41 36 820 87 91,2023-05-14
48cff13a-e560-11eb-8053-5254004e4f4c,Jack,Blick,Wade64@gmail.com,+41 06 094 82 17,2023-05-14
48d06884-e560-11eb-8053-5254004e4f4c,Berry,Leuschke,Kale.Cole@gmail.com,+41 21 820 26 76,2023-05-14
48d0759e-e560-11eb-8053-5254004e4f4c,Benjamin,Conn,Lilyan.Emard32@yahoo.com,+41 16 395 61 96,2023-05-14
48d08853-e560-11eb-8053-5254004e4f4c,Helen,Lindgren,Aiden0@hotmail.com,+41 66 689 23 82,2023-05-14
48d0be86-e560-11eb-8053-5254004e4f4c,Lourdes,Barrows,Ivory_Kessler27@yahoo.com,+41 37 041 02 92,2023-05-14
48d0d331-e560-11eb-8053-5254004e4f4c,Luella,Robel,Marquise.Marvin32@gmail.com,+41 35 547 32 54,2022-09-01
48d0fcca-e560-11eb-8053-5254004e4f4c,Maynard,Farrell,Hermina.Bogan82@yahoo.com,+41 41 991 04 23,2022-09-01
48d106f9-e560-11eb-8053-5254004e4f4c,Hillard,Bode,Macie90@yahoo.com,+41 66 984 15 51,2022-09-01
48d10fa6-e560-11eb-8053-5254004e4f4c,Jedediah,Collins,Jeramy_OReilly60@yahoo.com,+41 54 417 38 14,2023-05-14
48d12e3f-e560-11eb-8053-5254004e4f4c,Jakayla,Heaney,Beryl7@hotmail.com,+41 04 069 47 05,2023-05-14
48d14e25-e560-11eb-8053-5254004e4f4c,Guido,McLaughlin,Cooper35@hotmail.com,+41 12 550 89 01,2023-05-14
48d1643c-e560-11eb-8053-5254004e4f4c,Fermin,Emmerich,Wilfredo.Yost@yahoo.com,+41 48 103 28 94,2023-05-14
48d16cca-e560-11eb-8053-5254004e4f4c,Kristian,Hermann,Verna.Runolfsdottir@gmail.com,+41 07 054 59 60,2023-05-14
48d19518-e560-11eb-8053-5254004e4f4c,Janae,Wiza,Vern73@yahoo.com,+41 30 743 36 31,2023-05-14
4a5f4aae-4393-11ec-92ab-5254004e4f4c,Marlin,Nicolas,Angela_Grant13@hotmail.com,+41 07 958 11 43,2023-05-14
4a5f6c83-4393-11ec-92ab-5254004e4f4c,Alex,Funk,Chelsie.Parisian@hotmail.com,+41 90 949 39 72,2023-05-14
4a5f813a-4393-11ec-92ab-5254004e4f4c,Aliyah,Bernier,Julian96@yahoo.com,+41 03 008 10 95,2022-09-01
54438142-4393-11ec-92ab-5254004e4f4c,Sylvan,Wiza,Toney_Wisozk@hotmail.com,+41 80 432 27 19,2023-05-14
5443a922-4393-11ec-92ab-5254004e4f4c,Reggie,Larson,Bill_Goyette@hotmail.com,+41 78 952 62 87,2023-05-14
587695f6-237e-11ec-8629-5254004e4f4c,Kirstin,Pfeffer,Monserrat22@hotmail.com,+41 57 830 50 82,2022-09-01
58889ab9-d1cd-11ec-af5f-5254004e4f4c,Francis,Daniel,Alfonso.Klein@hotmail.com,+41 80 564 10 72,2023-05-14
5888c286-d1cd-11ec-af5f-5254004e4f4c,Thelma,O'Conner,Deontae80@hotmail.com,+41 83 769 27 58,2023-05-14
5888b5a1-d1cd-11ec-af5f-5254004e4f4c,Dexter,Christiansen,Meda79@gmail.com,+41 96 095 71 43,2023-05-14
5888caeb-d1cd-11ec-af5f-5254004e4f4c,Dee,Gibson,Ladarius.Glover@yahoo.com,+41 71 770 75 76,2023-05-15
5888d5a8-d1cd-11ec-af5f-5254004e4f4c,Trisha,Lockman,Kole91@gmail.com,+41 06 681 17 51,2022-05-15
5888df7e-d1cd-11ec-af5f-5254004e4f4c,Cristopher,White,Melody_Wisozk@hotmail.com,+41 87 076 24 59,2023-05-14
5888ea5d-d1cd-11ec-af5f-5254004e4f4c,Wava,Jerde,Donny44@hotmail.com,+41 99 206 38 34,2023-05-14
5888f358-d1cd-11ec-af5f-5254004e4f4c,Kirsten,Parisian,Everardo.Gottlieb96@yahoo.com,+41 30 780 77 89,2023-05-14
5888f685-d1cd-11ec-af5f-5254004e4f4c,Molly,Schneider,Presley.Zboncak@yahoo.com,+41 80 023 80 34,2023-05-14
5898c75b-d1cd-11ec-af5f-5254004e4f4c,Mariane,Hansen,Pearlie.Okuneva91@hotmail.com,+41 99 519 62 22,2023-05-14
5898c89e-d1cd-11ec-af5f-5254004e4f4c,Fabiola,Gutmann,Ora.Ryan@hotmail.com,+41 69 091 84 86,2023-05-14
5898d28c-d1cd-11ec-af5f-5254004e4f4c,Jayden,Dooley,Alessandra.Champlin59@hotmail.com,+41 24 525 85 13,2023-05-14
5898d2b0-d1cd-11ec-af5f-5254004e4f4c,Alba,Bergstrom,Ressie.Satterfield44@hotmail.com,+41 31 162 74 69,2023-05-14
5898d695-d1cd-11ec-af5f-5254004e4f4c,Earnestine,Bartoletti,Arnulfo42@hotmail.com,+41 64 513 76 45,2023-05-14
5898d9da-d1cd-11ec-af5f-5254004e4f4c,Rosalee,Kunze,Lavina25@hotmail.com,+41 51 659 11 36,2022-05-15
5898daaf-d1cd-11ec-af5f-5254004e4f4c,Armand,Gutmann,Jamal90@gmail.com,+41 50 752 73 64,2023-05-14
5898de10-d1cd-11ec-af5f-5254004e4f4c,Philip,Raynor,Rhiannon.Reichert@hotmail.com,+41 16 353 15 37,2022-05-15
5898e167-d1cd-11ec-af5f-5254004e4f4c,Jazmyn,Wisozk,General_Wyman30@yahoo.com,+41 41 109 82 66,2023-05-14
5898e177-d1cd-11ec-af5f-5254004e4f4c,Earline,Kessler,Sean.Marks@hotmail.com,+41 74 566 78 54,2023-05-14
5898e49c-d1cd-11ec-af5f-5254004e4f4c,Fermin,Casper,Makenna.Jerde@hotmail.com,+41 45 828 63 58,2023-05-15
5898e7b5-d1cd-11ec-af5f-5254004e4f4c,Lenora,Raynor,Jayson_Littel49@yahoo.com,+41 28 102 49 45,2023-05-14
5898e83a-d1cd-11ec-af5f-5254004e4f4c,Myrtle,Cronin,Lawrence53@gmail.com,+41 04 426 01 37,2023-05-14
5898ec6e-d1cd-11ec-af5f-5254004e4f4c,Mathilde,Greenholt,Kenna_Rice1@gmail.com,+41 44 856 21 99,2023-05-15
5898ef8e-d1cd-11ec-af5f-5254004e4f4c,Veda,Jacobson,Krystina_Emmerich40@gmail.com,+41 43 375 00 59,2022-05-15
5898efe7-d1cd-11ec-af5f-5254004e4f4c,Lucious,Kertzmann,Jakayla48@hotmail.com,+41 29 161 20 95,2023-05-14
5898f720-d1cd-11ec-af5f-5254004e4f4c,Gianni,Schulist,Mae66@yahoo.com,+41 91 564 92 82,2023-05-14
5898fc84-d1cd-11ec-af5f-5254004e4f4c,Patsy,Ryan,Kieran_Grady@yahoo.com,+41 83 230 82 77,2023-05-14
589902c2-d1cd-11ec-af5f-5254004e4f4c,Joanny,Weissnat,Armani25@yahoo.com,+41 91 930 71 80,2023-05-14
589903d0-d1cd-11ec-af5f-5254004e4f4c,Shakira,Weimann,Lauretta.Bogan34@gmail.com,+41 17 544 38 86,2023-05-14
58990954-d1cd-11ec-af5f-5254004e4f4c,Kaela,Nader,Prince_Schimmel77@gmail.com,+41 53 486 36 76,2023-05-14
58990ac0-d1cd-11ec-af5f-5254004e4f4c,Immanuel,Jacobs,Hazel_Leffler28@yahoo.com,+41 83 558 89 21,2023-05-14
58990e1b-d1cd-11ec-af5f-5254004e4f4c,Dejuan,Mann,Katrina31@gmail.com,+41 48 985 17 19,2023-05-14
58990fbf-d1cd-11ec-af5f-5254004e4f4c,Gina,Kuhlman,Griffin_Raynor67@hotmail.com,+41 39 049 68 38,2023-05-14
58991149-d1cd-11ec-af5f-5254004e4f4c,Carolina,Wilkinson,Erika_Bernier94@yahoo.com,+41 53 056 95 54,2023-05-14
5899144f-d1cd-11ec-af5f-5254004e4f4c,Shane,Cummings,Hoyt.Mills@gmail.com,+41 17 203 29 64,2023-05-14
589915a6-d1cd-11ec-af5f-5254004e4f4c,Jacky,Effertz,Yvette_Paucek@yahoo.com,+41 71 651 08 83,2023-05-15
5899176e-d1cd-11ec-af5f-5254004e4f4c,Ruby,Braun,Isaac17@hotmail.com,+41 05 870 72 04,2023-05-14
58991b4a-d1cd-11ec-af5f-5254004e4f4c,Ethan,Senger,Kaylie_Crist@yahoo.com,+41 29 848 97 48,2023-05-14
58991b9f-d1cd-11ec-af5f-5254004e4f4c,Hayley,Kozey,Lisa0@gmail.com,+41 38 622 50 17,2023-05-15
58991f8f-d1cd-11ec-af5f-5254004e4f4c,Newton,Lowe,Antonetta56@gmail.com,+41 38 901 82 71,2023-05-14
589922c1-d1cd-11ec-af5f-5254004e4f4c,Dashawn,Lehner,King_Witting27@hotmail.com,+41 80 926 21 59,2023-05-14
58992390-d1cd-11ec-af5f-5254004e4f4c,Dena,Durgan,Cedrick.Halvorson@yahoo.com,+41 17 359 65 07,2023-05-14
58992ac1-d1cd-11ec-af5f-5254004e4f4c,Mattie,Barton,Rebeca_Jakubowski@hotmail.com,+41 19 406 84 01,2023-05-14
58992b3a-d1cd-11ec-af5f-5254004e4f4c,Eloy,Dare,Orie58@gmail.com,+41 40 660 22 18,2023-05-14
58992d36-d1cd-11ec-af5f-5254004e4f4c,Ike,Strosin,Don.Murazik26@gmail.com,+41 67 706 76 33,2023-05-14
58993fb2-d1cd-11ec-af5f-5254004e4f4c,Monty,Mills,Katelin.Bernhard@gmail.com,+41 21 654 46 39,2023-05-14
58994353-d1cd-11ec-af5f-5254004e4f4c,Frederick,Ward,Garrett45@yahoo.com,+41 74 566 58 91,2023-05-14
589947ba-d1cd-11ec-af5f-5254004e4f4c,Isai,Tremblay,Kenya_Will@yahoo.com,+41 76 019 48 24,2023-05-14
58994964-d1cd-11ec-af5f-5254004e4f4c,Telly,Rolfson,Napoleon_Muller@hotmail.com,+41 15 688 11 70,2023-05-14
58994c2e-d1cd-11ec-af5f-5254004e4f4c,Earl,Predovic,Boyd_Kuphal@hotmail.com,+41 29 056 99 52,2023-05-14
58994e41-d1cd-11ec-af5f-5254004e4f4c,Lazaro,Ferry,Eleanora_Walter@gmail.com,+41 18 264 84 95,2023-05-14
5899504c-d1cd-11ec-af5f-5254004e4f4c,Kiel,Hand,Keith.Ledner81@gmail.com,+41 63 016 47 50,2023-05-14
58995348-d1cd-11ec-af5f-5254004e4f4c,Lesly,Pouros,Noemi5@yahoo.com,+41 58 093 19 42,2023-05-14
5899581b-d1cd-11ec-af5f-5254004e4f4c,Ruby,Franecki,Cruz87@gmail.com,+41 14 342 53 39,2023-05-14
58995c9a-d1cd-11ec-af5f-5254004e4f4c,Conor,Pfannerstill,Cody_Johnston@yahoo.com,+41 49 048 14 30,2023-05-14
58996030-d1cd-11ec-af5f-5254004e4f4c,Dorothy,Howell,Jarod69@hotmail.com,+41 25 293 84 87,2023-05-14
58996684-d1cd-11ec-af5f-5254004e4f4c,Marjory,Flatley,Richard.Streich73@gmail.com,+41 15 535 71 15,2023-05-14
58996969-d1cd-11ec-af5f-5254004e4f4c,Kirstin,Kirlin,Jovany.Parisian@hotmail.com,+41 89 684 18 25,2022-05-15
589973e5-d1cd-11ec-af5f-5254004e4f4c,Kelvin,Kutch,Alexander14@hotmail.com,+41 63 459 70 20,2022-05-15
58997c63-d1cd-11ec-af5f-5254004e4f4c,Eugene,Christiansen,Ruby_Gislason@hotmail.com,+41 45 541 02 06,2023-05-14
58997fa8-d1cd-11ec-af5f-5254004e4f4c,Jameson,Medhurst,Rigoberto.Trantow@gmail.com,+41 17 492 67 96,2023-05-14
5899837d-d1cd-11ec-af5f-5254004e4f4c,Kaitlin,DuBuque,Jaime_Klein@hotmail.com,+41 20 361 07 96,2023-05-14
5899876e-d1cd-11ec-af5f-5254004e4f4c,Kelly,Gleason,Domenick_Kuhlman@yahoo.com,+41 11 968 69 99,2023-05-14
589988da-d1cd-11ec-af5f-5254004e4f4c,Karlee,Gibson,Billy.Abernathy31@gmail.com,+41 14 219 68 97,2023-05-14
58998fd0-d1cd-11ec-af5f-5254004e4f4c,Christina,Bergnaum,Nikolas25@hotmail.com,+41 03 257 35 18,2023-05-14
58999190-d1cd-11ec-af5f-5254004e4f4c,Kenya,Mueller,Antone_Carroll35@gmail.com,+41 82 626 89 76,2023-05-14
5899967d-d1cd-11ec-af5f-5254004e4f4c,Jayce,Murphy,Waylon48@hotmail.com,+41 38 963 33 84,2023-05-14
58999903-d1cd-11ec-af5f-5254004e4f4c,Rosina,Harris,Alana.Emard@gmail.com,+41 13 005 90 76,2023-05-14
58999959-d1cd-11ec-af5f-5254004e4f4c,Braulio,Jenkins,Bonita47@gmail.com,+41 27 976 31 49,2023-05-15
58999bbd-d1cd-11ec-af5f-5254004e4f4c,Stephanie,Gusikowski,Amie_Kirlin79@hotmail.com,+41 39 599 79 48,2023-05-15
5899a7db-d1cd-11ec-af5f-5254004e4f4c,Maximillia,Schowalter,Felicia56@gmail.com,+41 05 210 07 10,2023-05-14
5899a9df-d1cd-11ec-af5f-5254004e4f4c,Estell,Leuschke,Quinten_Nolan@hotmail.com,+41 85 810 23 38,2022-05-15
5899ad0a-d1cd-11ec-af5f-5254004e4f4c,Godfrey,Runte,George.Jakubowski90@hotmail.com,+41 44 492 34 92,2023-05-14
5899ae82-d1cd-11ec-af5f-5254004e4f4c,Laura,Jast,Clementine85@yahoo.com,+41 13 475 15 97,2023-05-14
5899b0ff-d1cd-11ec-af5f-5254004e4f4c,Melba,Stark,Jules.Rosenbaum34@hotmail.com,+41 43 557 75 54,2023-05-14
5899c3ab-d1cd-11ec-af5f-5254004e4f4c,Otho,Von,Jared.Roob@gmail.com,+41 13 556 68 44,2023-05-14
59ef7132-d20c-11ec-a383-5254004e4f4c,Maya,Carter,Presley.Huels@gmail.com,+41 46 321 15 27,2023-05-14
59efa809-d20c-11ec-a383-5254004e4f4c,Eloisa,Schneider,Yasmeen.Wilderman@yahoo.com,+41 86 552 09 81,2023-05-14
59fcd9a5-d20c-11ec-a383-5254004e4f4c,Jeromy,Gibson,Carlie.Rogahn97@hotmail.com,+41 24 230 07 21,2022-05-15
59fcdb40-d20c-11ec-a383-5254004e4f4c,Jerry,Hackett,Kaela14@yahoo.com,+41 37 171 99 26,2023-05-15
59fce8fb-d20c-11ec-a383-5254004e4f4c,Janick,Murray,Imani.Bins@gmail.com,+41 62 545 03 50,2023-05-14
59fcebac-d20c-11ec-a383-5254004e4f4c,Ara,Harber,Osvaldo.Lynch23@gmail.com,+41 01 906 46 12,2023-05-14
59fcf337-d20c-11ec-a383-5254004e4f4c,Jerrod,Harber,Meghan.Hahn33@gmail.com,+41 61 558 52 23,2023-05-14
59fd064a-d20c-11ec-a383-5254004e4f4c,Chester,Flatley,Gunner.Kunze11@yahoo.com,+41 97 932 75 31,2023-05-14
59fd06e5-d20c-11ec-a383-5254004e4f4c,Colby,Auer,Marcelle_Kris@yahoo.com,+41 29 755 82 54,2023-05-14
59fd09ee-d20c-11ec-a383-5254004e4f4c,Stanton,Rice,Cornell.Rogahn95@hotmail.com,+41 35 675 42 02,2023-05-14
59fd1018-d20c-11ec-a383-5254004e4f4c,Justyn,Powlowski,Kaleigh.Renner70@gmail.com,+41 30 962 24 06,2023-05-14
59fd1456-d20c-11ec-a383-5254004e4f4c,Taryn,Haag,Estella_Rogahn@yahoo.com,+41 23 712 45 13,2023-05-14
59fd190e-d20c-11ec-a383-5254004e4f4c,Damian,Legros,Scot.Rutherford@yahoo.com,+41 88 142 01 70,2023-05-14
59fd2011-d20c-11ec-a383-5254004e4f4c,Chaya,Hickle,Ron_Von@hotmail.com,+41 95 146 86 18,2023-05-14
59fd235a-d20c-11ec-a383-5254004e4f4c,Naomie,Sauer,Lola58@gmail.com,+41 11 098 62 68,2023-05-14
59fd282e-d20c-11ec-a383-5254004e4f4c,Dejuan,Johnston,Lon17@gmail.com,+41 16 971 51 04,2023-05-14
59fd2c49-d20c-11ec-a383-5254004e4f4c,Dallin,Corkery,Harrison_Strosin@hotmail.com,+41 48 331 94 92,2023-05-14
59fd30d1-d20c-11ec-a383-5254004e4f4c,Nelda,Skiles,Percival_Jones59@gmail.com,+41 33 502 07 19,2023-05-14
59fd3a60-d20c-11ec-a383-5254004e4f4c,Shanon,Swift,Louie.Gorczany9@yahoo.com,+41 59 495 24 96,2023-05-14
59fd3b18-d20c-11ec-a383-5254004e4f4c,Edgardo,Labadie,Adolphus.Torp16@gmail.com,+41 07 150 12 35,2023-05-14
59efe276-d20c-11ec-a383-5254004e4f4c,Vernon,Howell,Tyler32@yahoo.com,+41 05 408 64 37,2023-05-14
59efb15b-d20c-11ec-a383-5254004e4f4c,Danika,Rolfson,Malcolm_Ortiz@yahoo.com,+41 80 397 82 93,2023-05-14
59efebfa-d20c-11ec-a383-5254004e4f4c,Humberto,Cassin,Lauryn.Goodwin@yahoo.com,+41 68 348 01 69,2022-05-15
645bbccd-2509-11ec-a96e-5254004e4f4c,Jaqueline,Keebler,Elmer.Beatty97@yahoo.com,+41 14 310 82 34,2022-09-01
67e93d65-d1cd-11ec-af5f-5254004e4f4c,Clementine,West,Vanessa.Stamm@yahoo.com,+41 41 785 55 14,2023-05-14
67e9568d-d1cd-11ec-af5f-5254004e4f4c,Kaylee,Harber,Steve76@hotmail.com,+41 66 397 79 21,2023-05-14
67e96532-d1cd-11ec-af5f-5254004e4f4c,Ryley,Gulgowski,Ebony_Homenick@gmail.com,+41 59 079 90 64,2023-05-14
67e98912-d1cd-11ec-af5f-5254004e4f4c,Aileen,Schiller,Dena_Satterfield74@gmail.com,+41 91 374 99 65,2022-05-15
67e99236-d1cd-11ec-af5f-5254004e4f4c,Jaunita,Daniel,Judson56@hotmail.com,+41 13 411 72 19,2023-05-15
67e9a6ad-d1cd-11ec-af5f-5254004e4f4c,Princess,Lebsack,Harold_Shields@hotmail.com,+41 85 832 42 14,2023-05-14
67e9b4c7-d1cd-11ec-af5f-5254004e4f4c,Ashly,Streich,Bradly.Hermann13@gmail.com,+41 97 193 85 03,2023-05-14
67e9bfff-d1cd-11ec-af5f-5254004e4f4c,Evangeline,Thompson,Mina.Luettgen15@hotmail.com,+41 02 185 37 03,2023-05-14
67e9cf65-d1cd-11ec-af5f-5254004e4f4c,Lavern,Douglas,Herbert26@hotmail.com,+41 22 498 30 00,2023-05-14
67e9e062-d1cd-11ec-af5f-5254004e4f4c,Cielo,Bode,Ola.Koch84@yahoo.com,+41 75 433 48 22,2023-05-14
67e9ee7e-d1cd-11ec-af5f-5254004e4f4c,Alexander,Keeling,Effie.Witting6@gmail.com,+41 36 773 15 48,2023-05-14
67e9ff2c-d1cd-11ec-af5f-5254004e4f4c,Ethel,Swift,Derick28@hotmail.com,+41 95 855 09 07,2023-05-14
67ea0c7f-d1cd-11ec-af5f-5254004e4f4c,Bernita,Hammes,Amy73@yahoo.com,+41 66 983 41 61,2023-05-14
67ea19ed-d1cd-11ec-af5f-5254004e4f4c,Adrian,Lind,Mittie_Lind@hotmail.com,+41 36 057 09 84,2022-05-15
67ea2f3e-d1cd-11ec-af5f-5254004e4f4c,Modesto,Aufderhar,Dulce_Nolan@yahoo.com,+41 80 187 46 23,2023-05-14
67ea3ce6-d1cd-11ec-af5f-5254004e4f4c,Brice,Rath,Lauren_Tremblay@yahoo.com,+41 24 924 87 22,2023-05-14
67ea4a2f-d1cd-11ec-af5f-5254004e4f4c,Barrett,Jerde,Celestine53@gmail.com,+41 48 009 90 10,2023-05-14
67ea58ad-d1cd-11ec-af5f-5254004e4f4c,Joshua,Satterfield,Isaac_Herman@gmail.com,+41 32 822 91 68,2023-05-15
67ea7743-d1cd-11ec-af5f-5254004e4f4c,Rhoda,Crist,Leanne_Bechtelar@hotmail.com,+41 37 320 76 22,2023-05-14
67ea8609-d1cd-11ec-af5f-5254004e4f4c,Leonardo,Lynch,Haskell.Pagac@yahoo.com,+41 10 009 08 50,2023-05-15
67ea9436-d1cd-11ec-af5f-5254004e4f4c,Michel,Botsford,Emilia94@gmail.com,+41 12 680 92 21,2023-05-14
67eaa2c9-d1cd-11ec-af5f-5254004e4f4c,Jasper,Murazik,Caesar93@gmail.com,+41 61 709 69 50,2022-05-15
67eab056-d1cd-11ec-af5f-5254004e4f4c,Alexis,Ullrich,Foster39@gmail.com,+41 92 069 39 87,2023-05-14
67eabd53-d1cd-11ec-af5f-5254004e4f4c,Kristoffer,Runolfsson,Greyson_Grady48@yahoo.com,+41 79 918 77 93,2023-05-14
67ead53d-d1cd-11ec-af5f-5254004e4f4c,Janelle,Dibbert,Lavon_Lebsack54@yahoo.com,+41 85 855 04 15,2022-05-15
67eae2ce-d1cd-11ec-af5f-5254004e4f4c,Elnora,Spencer,Winfield_Marquardt94@hotmail.com,+41 39 484 91 78,2023-05-14
67eafef3-d1cd-11ec-af5f-5254004e4f4c,Kavon,Daugherty,Isobel_Wyman63@yahoo.com,+41 71 050 24 64,2022-05-15
67eb1a44-d1cd-11ec-af5f-5254004e4f4c,Maximilian,Zieme,Antoinette95@hotmail.com,+41 09 207 92 06,2023-05-14
67eb50d8-d1cd-11ec-af5f-5254004e4f4c,Hilbert,Bogisich,Eli58@gmail.com,+41 74 077 62 24,2023-05-14
67eb6a75-d1cd-11ec-af5f-5254004e4f4c,Martine,Wintheiser,Carolanne72@yahoo.com,+41 09 895 33 09,2022-05-15
67eb8033-d1cd-11ec-af5f-5254004e4f4c,Courtney,Sanford,Emory.Lindgren@hotmail.com,+41 12 270 13 05,2023-05-15
67eb8d9c-d1cd-11ec-af5f-5254004e4f4c,Royal,Schneider,Betty_OConnell25@hotmail.com,+41 78 496 08 59,2023-05-14
67eb9b4b-d1cd-11ec-af5f-5254004e4f4c,Trystan,Berge,Adell.Jacobson9@gmail.com,+41 65 683 98 43,2023-05-14
67ebaa74-d1cd-11ec-af5f-5254004e4f4c,Jason,Schroeder,Edmund43@hotmail.com,+41 48 438 09 53,2023-05-14
67ebb86e-d1cd-11ec-af5f-5254004e4f4c,Fletcher,Weber,Ezra_Mertz@gmail.com,+41 73 782 85 62,2022-05-15
67ebc52f-d1cd-11ec-af5f-5254004e4f4c,Julia,Sawayn,Arlo49@yahoo.com,+41 55 042 76 22,2023-05-14
67ebe109-d1cd-11ec-af5f-5254004e4f4c,Bonita,Roberts,Reymundo.Moen13@hotmail.com,+41 24 929 23 68,2023-05-14
67ebee92-d1cd-11ec-af5f-5254004e4f4c,Waldo,Barrows,Cierra79@gmail.com,+41 86 636 14 14,2022-05-15
67ec1d48-d1cd-11ec-af5f-5254004e4f4c,Nolan,Schuppe,Bell.Vandervort7@yahoo.com,+41 17 366 88 56,2023-05-14
67ec59fd-d1cd-11ec-af5f-5254004e4f4c,Charlotte,Hintz,Roxanne_Kuhic@yahoo.com,+41 06 859 29 55,2023-05-14
67ec66bf-d1cd-11ec-af5f-5254004e4f4c,Leonora,Hagenes,Ally.Bernhard52@hotmail.com,+41 98 063 33 70,2023-05-14
67ec8d00-d1cd-11ec-af5f-5254004e4f4c,Alfred,Walter,Ilene47@hotmail.com,+41 21 169 24 87,2023-05-14
67ec9a00-d1cd-11ec-af5f-5254004e4f4c,Veda,Smith,Curtis_Batz@yahoo.com,+41 83 434 46 87,2023-05-14
67eca635-d1cd-11ec-af5f-5254004e4f4c,Johnson,Hackett,Tessie52@gmail.com,+41 17 881 65 90,2023-05-14
67ecb247-d1cd-11ec-af5f-5254004e4f4c,Nettie,Kunze,Dedric.Bergstrom65@hotmail.com,+41 02 980 30 92,2023-05-14
67ecf60d-d1cd-11ec-af5f-5254004e4f4c,Tyler,Rodriguez,Kaya84@gmail.com,+41 80 192 64 46,2023-05-14
67ed03e9-d1cd-11ec-af5f-5254004e4f4c,Michel,Barton,Maurine78@gmail.com,+41 07 791 88 52,2023-05-14
67ed2024-d1cd-11ec-af5f-5254004e4f4c,Emilia,Schaden,Wendy23@yahoo.com,+41 69 305 23 92,2023-05-14
67ed2caf-d1cd-11ec-af5f-5254004e4f4c,Eunice,Kshlerin,Cloyd.Conn@yahoo.com,+41 43 827 21 84,2023-05-14
67ed3a88-d1cd-11ec-af5f-5254004e4f4c,Aliya,Johns,Tatyana88@gmail.com,+41 56 765 41 78,2023-05-14
67ed4777-d1cd-11ec-af5f-5254004e4f4c,Priscilla,Satterfield,Einar94@gmail.com,+41 64 149 21 71,2023-05-14
67ed68a2-d1cd-11ec-af5f-5254004e4f4c,Rickie,Blick,Vallie.Bayer22@yahoo.com,+41 97 760 29 10,2023-05-14
67ed72fe-d1cd-11ec-af5f-5254004e4f4c,Jermey,Yost,Claire.Balistreri0@yahoo.com,+41 70 523 87 28,2023-05-14
67eda64e-d1cd-11ec-af5f-5254004e4f4c,Jarred,Douglas,Annabelle.Williamson@gmail.com,+41 88 581 45 54,2022-05-15
67edb828-d1cd-11ec-af5f-5254004e4f4c,Alexandria,Hilll,Lia_Welch75@yahoo.com,+41 09 963 71 90,2023-05-15
67edc71f-d1cd-11ec-af5f-5254004e4f4c,Brittany,Herman,Tamara_Hessel95@gmail.com,+41 99 297 76 57,2023-05-15
67ede3fc-d1cd-11ec-af5f-5254004e4f4c,Sandy,Jerde,Furman_McDermott@gmail.com,+41 82 303 20 08,2023-05-15
67ededf0-d1cd-11ec-af5f-5254004e4f4c,Freda,Yost,Dora.Murazik46@gmail.com,+41 12 211 49 40,2023-05-14
67edfa1c-d1cd-11ec-af5f-5254004e4f4c,Arden,Waters,Antone.Wintheiser38@gmail.com,+41 55 339 29 87,2023-05-14
67ee062f-d1cd-11ec-af5f-5254004e4f4c,Isabell,Wolff,Icie.Kihn64@gmail.com,+41 76 317 67 11,2023-05-14
67ee26e3-d1cd-11ec-af5f-5254004e4f4c,Annabelle,Simonis,Alvena.Armstrong17@yahoo.com,+41 14 261 74 20,2022-05-15
67ee4601-d1cd-11ec-af5f-5254004e4f4c,Fabiola,Jacobson,Constantin.Leuschke@gmail.com,+41 31 886 25 40,2023-05-14
67ee4f04-d1cd-11ec-af5f-5254004e4f4c,Iva,Carter,Annabell27@hotmail.com,+41 52 390 19 62,2023-05-14
67ee5a71-d1cd-11ec-af5f-5254004e4f4c,Elinore,Robel,Gideon89@hotmail.com,+41 66 324 79 00,2023-05-14
67ee67c3-d1cd-11ec-af5f-5254004e4f4c,Evans,Jerde,Rene_Hudson@yahoo.com,+41 92 098 67 29,2023-05-15
67ee8c10-d1cd-11ec-af5f-5254004e4f4c,Renee,Connelly,Giuseppe.Huel95@yahoo.com,+41 36 613 84 12,2023-05-15
67ee92bb-d1cd-11ec-af5f-5254004e4f4c,Eduardo,Collins,Carolyne94@yahoo.com,+41 05 329 67 09,2023-05-15
67eea134-d1cd-11ec-af5f-5254004e4f4c,Bianka,Casper,Mafalda16@hotmail.com,+41 53 702 84 72,2023-05-15
67eebbf8-d1cd-11ec-af5f-5254004e4f4c,Bette,Gottlieb,Alessandro64@yahoo.com,+41 21 773 04 67,2023-05-14
690db56a-e560-11eb-8053-5254004e4f4c,Braxton,Kilback,Amely46@yahoo.com,+41 27 020 85 67,2023-05-14
690dd1e2-e560-11eb-8053-5254004e4f4c,Golda,Goodwin,Presley71@gmail.com,+41 46 777 89 91,2023-05-14
690de900-e560-11eb-8053-5254004e4f4c,Sedrick,Volkman,Stewart_Miller91@hotmail.com,+41 56 500 91 92,2023-05-14
690e3545-e560-11eb-8053-5254004e4f4c,Delta,Purdy,Gage_Ondricka@gmail.com,+41 06 528 40 83,2023-05-14
690e35d3-e560-11eb-8053-5254004e4f4c,Lewis,McGlynn,Brandi.Casper@hotmail.com,+41 05 897 02 35,2023-05-14
690e8119-e560-11eb-8053-5254004e4f4c,Neha,Goldner,Evalyn98@yahoo.com,+41 01 118 09 18,2022-09-01
690eaba5-e560-11eb-8053-5254004e4f4c,Ashtyn,Pouros,Sidney_Collins@yahoo.com,+41 12 337 00 98,2022-05-15
690f26ef-e560-11eb-8053-5254004e4f4c,Keyshawn,Crona,Celia82@hotmail.com,+41 39 352 75 89,2023-05-14
690f4d7d-e560-11eb-8053-5254004e4f4c,Marielle,Lindgren,Durward.Collier19@gmail.com,+41 94 334 58 35,2023-05-14
690f431c-e560-11eb-8053-5254004e4f4c,Eleanore,Turcotte,Orion.Adams@yahoo.com,+41 15 028 42 87,2023-05-14
690f5a05-e560-11eb-8053-5254004e4f4c,Roy,Cremin,Desiree61@hotmail.com,+41 07 347 04 96,2022-09-01
690f6b66-e560-11eb-8053-5254004e4f4c,Gregoria,Kassulke,Nicholaus44@yahoo.com,+41 55 146 00 89,2023-05-14
690f70e6-e560-11eb-8053-5254004e4f4c,Trycia,Grady,Lionel13@hotmail.com,+41 77 544 39 14,2022-09-01
690f7777-e560-11eb-8053-5254004e4f4c,Fredrick,Grant,Maymie.Graham@hotmail.com,+41 74 966 40 61,2023-05-14
690fe7f1-e560-11eb-8053-5254004e4f4c,Mable,Rogahn,Evalyn.Stehr76@yahoo.com,+41 61 603 93 03,2023-05-14
69106a95-e560-11eb-8053-5254004e4f4c,Meredith,Feest,Stacey20@hotmail.com,+41 56 696 13 16,2023-05-14
69108b7e-e560-11eb-8053-5254004e4f4c,Jody,Larson,Claudia_Hand@gmail.com,+41 09 504 75 69,2023-05-14
6b98ba3c-d1d5-11ec-af5f-5254004e4f4c,Green,Keeling,Jayden.Barton93@hotmail.com,+41 29 268 62 38,2022-05-15
6b98cafa-d1d5-11ec-af5f-5254004e4f4c,Antwan,Senger,Sheldon.Konopelski96@yahoo.com,+41 81 126 82 60,2023-05-15
6b98d270-d1d5-11ec-af5f-5254004e4f4c,Paris,Stehr,Hal42@yahoo.com,+41 25 046 61 77,2022-05-15
6b98d869-d1d5-11ec-af5f-5254004e4f4c,Paul,Beatty,Carissa.Brown60@hotmail.com,+41 99 919 93 96,2023-05-14
6b98e411-d1d5-11ec-af5f-5254004e4f4c,Avery,Altenwerth,Manuela_Ritchie@hotmail.com,+41 43 397 87 37,2023-05-14
6b98e9ef-d1d5-11ec-af5f-5254004e4f4c,Myron,Kassulke,Adelia_Batz@yahoo.com,+41 15 777 24 54,2023-05-15
6b98f09d-d1d5-11ec-af5f-5254004e4f4c,Esta,Nolan,Marcelle_Weber3@yahoo.com,+41 02 318 81 27,2023-05-15
6b98f24b-d1d5-11ec-af5f-5254004e4f4c,Ava,Jenkins,Matt_Kemmer@yahoo.com,+41 19 941 80 09,2023-05-14
6b98f634-d1d5-11ec-af5f-5254004e4f4c,Ryan,Carter,Lydia50@gmail.com,+41 07 651 42 47,2023-05-14
6b990587-d1d5-11ec-af5f-5254004e4f4c,Roy,Sanford,Flavie.Schmeler@yahoo.com,+41 42 931 59 83,2023-05-14
6b990c39-d1d5-11ec-af5f-5254004e4f4c,Ferne,Hills,Nolan.DuBuque57@hotmail.com,+41 17 331 78 22,2023-05-14
6b9913c5-d1d5-11ec-af5f-5254004e4f4c,Alexander,McDermott,Joshua_Sipes50@yahoo.com,+41 94 147 02 24,2023-05-15
6b991fe9-d1d5-11ec-af5f-5254004e4f4c,Retha,Ferry,Frederick_Dibbert@yahoo.com,+41 40 768 94 39,2022-05-15
6b99234a-d1d5-11ec-af5f-5254004e4f4c,Buster,Feest,Brandy55@gmail.com,+41 54 022 42 37,2023-05-14
6b992681-d1d5-11ec-af5f-5254004e4f4c,Marianne,Purdy,Christine.Carroll14@hotmail.com,+41 23 909 80 67,2023-05-15
6b992bad-d1d5-11ec-af5f-5254004e4f4c,Orin,Durgan,Alessandra83@hotmail.com,+41 80 322 48 21,2022-05-15
6b993242-d1d5-11ec-af5f-5254004e4f4c,Angelo,Schaden,Aliya_Berge@gmail.com,+41 25 389 77 09,2022-05-15
6b996f96-d1d5-11ec-af5f-5254004e4f4c,Genoveva,Fay,Althea40@gmail.com,+41 42 237 71 23,2023-05-14
6b998b67-d1d5-11ec-af5f-5254004e4f4c,Dewayne,Runolfsson,Willie_Metz41@gmail.com,+41 72 412 49 06,2023-05-14
6b999223-d1d5-11ec-af5f-5254004e4f4c,Effie,Botsford,Ella.Kirlin0@gmail.com,+41 72 687 67 80,2023-05-15
6b99a860-d1d5-11ec-af5f-5254004e4f4c,Nannie,Tremblay,Belle86@yahoo.com,+41 66 568 42 82,2022-05-15
6b99b296-d1d5-11ec-af5f-5254004e4f4c,Vickie,Wisozk,Nathanial.Thiel@yahoo.com,+41 98 757 38 40,2023-05-15
6b99b737-d1d5-11ec-af5f-5254004e4f4c,Curtis,Bergstrom,Edwardo_Hansen26@yahoo.com,+41 85 008 03 96,2023-05-14
6b99c1fe-d1d5-11ec-af5f-5254004e4f4c,Ole,Schuster,Trycia.Dickens98@gmail.com,+41 57 215 42 18,2023-05-14
6b99c4fe-d1d5-11ec-af5f-5254004e4f4c,Addison,Swaniawski,Jodie.Cummings@gmail.com,+41 02 299 87 63,2022-05-15
6b99ce44-d1d5-11ec-af5f-5254004e4f4c,Abbie,McKenzie,Lukas.Lebsack44@gmail.com,+41 03 511 84 77,2022-05-15
6b99d9cf-d1d5-11ec-af5f-5254004e4f4c,Josefa,O'Reilly,Scotty.Kuphal@yahoo.com,+41 51 708 09 66,2023-05-14
6b99e226-d1d5-11ec-af5f-5254004e4f4c,Landen,Wunsch,Shemar.Flatley78@gmail.com,+41 88 312 51 20,2023-05-14
6b9a0413-d1d5-11ec-af5f-5254004e4f4c,Alejandra,Conn,Jordane58@yahoo.com,+41 65 165 44 23,2023-05-14
6b9a15e3-d1d5-11ec-af5f-5254004e4f4c,Khalid,Ledner,Yvette_Hilll56@gmail.com,+41 92 687 47 25,2023-05-15
6b9a1c8b-d1d5-11ec-af5f-5254004e4f4c,Audrey,Dach,Tremayne69@yahoo.com,+41 73 835 79 29,2023-05-14
6b9a23c8-d1d5-11ec-af5f-5254004e4f4c,Katrina,Ward,Jamal50@yahoo.com,+41 08 330 12 41,2023-05-14
6b9a2d8a-d1d5-11ec-af5f-5254004e4f4c,Gaetano,Will,Louisa.Daugherty31@gmail.com,+41 48 477 68 37,2023-05-14
6b9a3332-d1d5-11ec-af5f-5254004e4f4c,Ramon,Connelly,Rhea57@gmail.com,+41 07 802 94 26,2022-05-15
6b9a34cc-d1d5-11ec-af5f-5254004e4f4c,Reese,Orn,Lew40@hotmail.com,+41 01 604 41 71,2022-05-15
6b9a3b01-d1d5-11ec-af5f-5254004e4f4c,Tate,Goldner,Columbus19@yahoo.com,+41 29 542 15 28,2022-05-15
6b9a3cae-d1d5-11ec-af5f-5254004e4f4c,Janessa,Labadie,Clifford.Johns66@yahoo.com,+41 49 045 44 18,2023-05-14
6b9a415d-d1d5-11ec-af5f-5254004e4f4c,Wallace,Harber,Kurtis_Gleichner81@hotmail.com,+41 57 096 28 43,2023-05-14
6b9a4855-d1d5-11ec-af5f-5254004e4f4c,Verna,McDermott,Ozella.Streich@gmail.com,+41 75 364 15 16,2023-05-15
6b9a4928-d1d5-11ec-af5f-5254004e4f4c,Barbara,Rutherford,Desmond80@yahoo.com,+41 48 117 32 71,2022-05-15
6b9a4fef-d1d5-11ec-af5f-5254004e4f4c,Alanis,Flatley,Lorenz.Collins@yahoo.com,+41 98 078 03 83,2023-05-15
6b9a56f6-d1d5-11ec-af5f-5254004e4f4c,Elwyn,Shields,Laury.Green@yahoo.com,+41 25 046 29 63,2022-05-15
6b9a6cf1-d1d5-11ec-af5f-5254004e4f4c,Camilla,Waters,Santina_Kiehn69@hotmail.com,+41 51 341 25 38,2022-05-15
6b9a78af-d1d5-11ec-af5f-5254004e4f4c,Fletcher,Fadel,Earline_Stokes@yahoo.com,+41 84 402 83 07,2023-05-14
6b9a8220-d1d5-11ec-af5f-5254004e4f4c,Rafael,Runolfsdottir,Sandrine90@gmail.com,+41 59 138 03 80,2022-05-15
6b9a8a1b-d1d5-11ec-af5f-5254004e4f4c,Donavon,Harvey,Matt.Leuschke@yahoo.com,+41 74 985 40 51,2023-05-15
6b9a8df7-d1d5-11ec-af5f-5254004e4f4c,Alexys,Schmidt,Mertie.Gibson51@hotmail.com,+41 01 755 24 80,2023-05-14
6b9a966f-d1d5-11ec-af5f-5254004e4f4c,Wendell,Hartmann,Alberta69@gmail.com,+41 89 829 11 19,2022-05-15
6b9a9de3-d1d5-11ec-af5f-5254004e4f4c,Krista,McClure,Christiana_Abbott17@yahoo.com,+41 80 347 80 48,2023-05-14
6b9aa44d-d1d5-11ec-af5f-5254004e4f4c,Ted,Lind,Maeve50@hotmail.com,+41 05 293 96 45,2023-05-14
6b9aab1f-d1d5-11ec-af5f-5254004e4f4c,Flo,Satterfield,Cathrine.Little0@hotmail.com,+41 35 221 25 91,2023-05-14
6b9ac397-d1d5-11ec-af5f-5254004e4f4c,Harley,Lang,Percy.Ondricka9@hotmail.com,+41 98 589 19 08,2022-05-15
6b9ad0e5-d1d5-11ec-af5f-5254004e4f4c,Carey,Lind,Karley.Mosciski@hotmail.com,+41 11 842 30 58,2023-05-15
6b9ad807-d1d5-11ec-af5f-5254004e4f4c,Mittie,Mosciski,Barney_Erdman73@yahoo.com,+41 90 439 64 70,2023-05-14
6b9ae524-d1d5-11ec-af5f-5254004e4f4c,Hilario,Upton,Don.Maggio73@hotmail.com,+41 60 164 28 08,2022-05-15
6b9ade80-d1d5-11ec-af5f-5254004e4f4c,Vella,Lubowitz,Laverna.Schamberger@gmail.com,+41 66 709 05 03,2023-05-14
6b9aed78-d1d5-11ec-af5f-5254004e4f4c,Alyce,Zemlak,Charlene.Breitenberg@gmail.com,+41 18 203 61 86,2022-05-15
6b9af910-d1d5-11ec-af5f-5254004e4f4c,Aisha,Farrell,Cody_Kertzmann22@hotmail.com,+41 36 228 76 81,2023-05-14
6b9b0059-d1d5-11ec-af5f-5254004e4f4c,Rigoberto,Blanda,Florine.Hartmann@gmail.com,+41 02 933 94 95,2022-05-15
6b9b076b-d1d5-11ec-af5f-5254004e4f4c,Trace,Johnston,Sadie58@yahoo.com,+41 43 746 67 64,2023-05-14
6b9b126d-d1d5-11ec-af5f-5254004e4f4c,Salma,Goldner,Jessika64@gmail.com,+41 98 421 56 64,2023-05-14
6b9b0ce3-d1d5-11ec-af5f-5254004e4f4c,Josie,Runolfsdottir,Orlo_Towne88@yahoo.com,+41 31 070 38 24,2023-05-14
6b9b1920-d1d5-11ec-af5f-5254004e4f4c,Torrey,Daniel,Malvina.Bartoletti98@hotmail.com,+41 40 141 36 91,2023-05-14
6b9b204e-d1d5-11ec-af5f-5254004e4f4c,Brando,Osinski,Sigmund12@gmail.com,+41 12 715 56 66,2023-05-14
6b9b28e1-d1d5-11ec-af5f-5254004e4f4c,Willa,Larson,Lyla_Effertz70@yahoo.com,+41 96 681 49 90,2022-05-15
6b9b3019-d1d5-11ec-af5f-5254004e4f4c,Duane,Hilpert,Deontae_Labadie11@hotmail.com,+41 40 655 12 60,2023-05-14
6b9b3712-d1d5-11ec-af5f-5254004e4f4c,Jaeden,Turner,Daniela21@hotmail.com,+41 09 623 50 24,2022-05-15
6b9b5ba2-d1d5-11ec-af5f-5254004e4f4c,Mireille,Renner,Norval_Hand67@gmail.com,+41 15 721 94 92,2023-05-14
6b9b6268-d1d5-11ec-af5f-5254004e4f4c,Grayson,Hills,Althea99@gmail.com,+41 67 091 30 21,2023-05-14
6b9b6907-d1d5-11ec-af5f-5254004e4f4c,Gideon,Breitenberg,Daniela22@yahoo.com,+41 59 686 65 17,2022-05-15
6b9b6f00-d1d5-11ec-af5f-5254004e4f4c,Effie,Murphy,Rocky.Abbott61@yahoo.com,+41 85 949 38 68,2023-05-14
6b9b76af-d1d5-11ec-af5f-5254004e4f4c,Ryan,Jenkins,Lessie_Conn@gmail.com,+41 89 306 49 34,2023-05-15
6b9b896a-d1d5-11ec-af5f-5254004e4f4c,Floy,Legros,Lizzie77@gmail.com,+41 50 405 14 43,2023-05-14
6b9b908a-d1d5-11ec-af5f-5254004e4f4c,Dean,Weimann,Thalia_Upton41@hotmail.com,+41 10 572 21 73,2023-05-14
6b9b97d8-d1d5-11ec-af5f-5254004e4f4c,Stacey,Bode,Lavada55@hotmail.com,+41 31 852 70 45,2022-05-15
6b9b9e0c-d1d5-11ec-af5f-5254004e4f4c,Selina,Wintheiser,Zelda11@yahoo.com,+41 87 091 22 40,2023-05-14
6b9ba3c3-d1d5-11ec-af5f-5254004e4f4c,Bella,Glover,Landen_Klocko26@hotmail.com,+41 73 613 90 30,2023-05-15
6b9ba99d-d1d5-11ec-af5f-5254004e4f4c,Scot,Larson,Berta.Will@gmail.com,+41 60 351 35 24,2022-05-15
6b9bb2b1-d1d5-11ec-af5f-5254004e4f4c,Ryder,Wisozk,Rocio_Schimmel61@yahoo.com,+41 11 568 14 81,2023-05-14
6b9bb728-d1d5-11ec-af5f-5254004e4f4c,Cassandre,Anderson,Archibald.Zieme52@gmail.com,+41 13 360 93 17,2023-05-14
6b9bbde3-d1d5-11ec-af5f-5254004e4f4c,Caroline,Russel,Sheila_Hirthe9@yahoo.com,+41 18 854 51 44,2023-05-14
6b9bc310-d1d5-11ec-af5f-5254004e4f4c,Kristina,Williamson,Adelle76@yahoo.com,+41 58 949 34 99,2023-05-14
6b9bdb67-d1d5-11ec-af5f-5254004e4f4c,Jennifer,Bradtke,Roselyn83@gmail.com,+41 98 016 27 98,2023-05-14
6b9be2b2-d1d5-11ec-af5f-5254004e4f4c,Esperanza,Sawayn,Kirsten_Langosh@yahoo.com,+41 78 305 44 72,2023-05-14
6b9be8d7-d1d5-11ec-af5f-5254004e4f4c,Fleta,Anderson,Ewell59@hotmail.com,+41 85 490 74 25,2023-05-14
6b9bff8d-d1d5-11ec-af5f-5254004e4f4c,Otis,Rodriguez,Terrill23@yahoo.com,+41 38 549 90 05,2022-05-15
6b9c0ed3-d1d5-11ec-af5f-5254004e4f4c,Eldred,Conroy,Elyssa54@hotmail.com,+41 15 781 19 14,2023-05-15
6e859bb8-4393-11ec-92ab-5254004e4f4c,Solon,Mayer,Abel.Abernathy@yahoo.com,+41 27 003 21 15,2023-05-14
6e85b591-4393-11ec-92ab-5254004e4f4c,Christopher,Feeney,Joy.Nader@gmail.com,+41 87 194 78 80,2023-05-14
6e85cae1-4393-11ec-92ab-5254004e4f4c,Verona,Wuckert,Jeffery82@yahoo.com,+41 91 271 56 08,2023-05-14
6e85cdbe-4393-11ec-92ab-5254004e4f4c,Buford,Bernhard,Kamron.Bernhard9@hotmail.com,+41 89 175 71 57,2023-05-14
705a6795-e560-11eb-8053-5254004e4f4c,Pink,McCullough,Jewell_Torphy5@hotmail.com,+41 68 667 20 04,2022-09-01
705ab44a-e560-11eb-8053-5254004e4f4c,Candace,Ruecker,Uriel.Leuschke49@gmail.com,+41 51 761 44 03,2022-05-15
705af662-e560-11eb-8053-5254004e4f4c,Ambrose,Wintheiser,Tamara.Kling@gmail.com,+41 97 084 62 78,2023-05-14
705b5d9a-e560-11eb-8053-5254004e4f4c,Noemy,Tillman,Jerry24@gmail.com,+41 81 873 88 56,2023-05-14
705bcb96-e560-11eb-8053-5254004e4f4c,Emiliano,Larkin,Jacey.Dickens@gmail.com,+41 93 077 61 72,2022-09-01
705c041a-e560-11eb-8053-5254004e4f4c,Emma,Cole,Guido_Murray@hotmail.com,+41 81 123 28 49,2022-09-01
705c2cae-e560-11eb-8053-5254004e4f4c,Wiley,Ratke,Myah.Carter@yahoo.com,+41 62 977 87 92,2023-05-14
705c61f2-e560-11eb-8053-5254004e4f4c,Alanna,Wunsch,Marcellus_Klocko40@gmail.com,+41 41 713 50 30,2022-09-01
705c86b1-e560-11eb-8053-5254004e4f4c,Webster,Halvorson,Nash86@yahoo.com,+41 68 565 98 21,2023-05-14
705cc136-e560-11eb-8053-5254004e4f4c,Alford,Blanda,Brooks.Kunde35@gmail.com,+41 58 694 49 81,2022-09-01
75e5516d-d1cd-11ec-af5f-5254004e4f4c,Rhea,Kozey,Johathan_Heaney92@gmail.com,+41 99 290 56 94,2023-05-15
75e57728-d1cd-11ec-af5f-5254004e4f4c,Lynn,Deckow,Brannon_McCullough@hotmail.com,+41 86 638 63 08,2023-05-14
75e5834f-d1cd-11ec-af5f-5254004e4f4c,Tina,Dietrich,Maryse_Farrell13@gmail.com,+41 69 749 96 80,2023-05-14
75e593df-d1cd-11ec-af5f-5254004e4f4c,Jammie,Krajcik,Cleta.Kunze5@hotmail.com,+41 61 182 17 24,2023-05-14
75e59c57-d1cd-11ec-af5f-5254004e4f4c,Alejandra,Luettgen,Presley.McKenzie@gmail.com,+41 12 307 31 09,2023-05-15
75e59a9e-d1cd-11ec-af5f-5254004e4f4c,Vivienne,Bernhard,Ernestine.Littel16@yahoo.com,+41 50 161 91 20,2023-05-14
75e5a44e-d1cd-11ec-af5f-5254004e4f4c,Mathias,Marquardt,Boris74@yahoo.com,+41 61 750 58 84,2023-05-15
75e5ab92-d1cd-11ec-af5f-5254004e4f4c,Brittany,Kuhlman,Kellie58@yahoo.com,+41 68 602 74 91,2023-05-14
75e5bff7-d1cd-11ec-af5f-5254004e4f4c,Kody,Nitzsche,Elenor_Hamill53@hotmail.com,+41 88 849 51 56,2023-05-15
75e5ee4a-d1cd-11ec-af5f-5254004e4f4c,Frieda,Lowe,Cierra46@hotmail.com,+41 33 421 08 29,2023-05-14
75e5fa0c-d1cd-11ec-af5f-5254004e4f4c,Jane,Jast,Otto_Rosenbaum17@gmail.com,+41 18 062 99 99,2022-05-15
75e605d4-d1cd-11ec-af5f-5254004e4f4c,Juanita,Wunsch,Lavon65@yahoo.com,+41 84 020 30 22,2023-05-15
75e618b1-d1cd-11ec-af5f-5254004e4f4c,Theresa,Berge,Elenor.Romaguera65@hotmail.com,+41 79 612 79 54,2023-05-14
75e6255a-d1cd-11ec-af5f-5254004e4f4c,Craig,Barton,Hilma.Kovacek@gmail.com,+41 81 463 88 47,2023-05-14
75e62bdd-d1cd-11ec-af5f-5254004e4f4c,Elta,Cruickshank,Camren.Murphy22@yahoo.com,+41 79 738 11 83,2023-05-14
75e62d94-d1cd-11ec-af5f-5254004e4f4c,Lulu,Lockman,Alva48@hotmail.com,+41 24 294 36 66,2023-05-14
75e5d5cd-d1cd-11ec-af5f-5254004e4f4c,Beaulah,Kutch,Meredith_Wolf25@hotmail.com,+41 97 256 63 47,2023-05-14
75e644db-d1cd-11ec-af5f-5254004e4f4c,Helmer,Ward,Sydni.Morar@gmail.com,+41 38 288 23 73,2023-05-14
75e5e222-d1cd-11ec-af5f-5254004e4f4c,Remington,Schultz,Brain_Moen@gmail.com,+41 48 780 76 47,2023-05-15
75e64fda-d1cd-11ec-af5f-5254004e4f4c,Callie,Abshire,Adrienne_Friesen@hotmail.com,+41 30 651 23 38,2023-05-14
75e69cf5-d1cd-11ec-af5f-5254004e4f4c,Dexter,Bednar,Jaunita_Mraz@yahoo.com,+41 43 875 18 50,2022-05-15
75e6aaca-d1cd-11ec-af5f-5254004e4f4c,Bennie,Kassulke,Elmo23@hotmail.com,+41 57 891 93 85,2023-05-14
75e6b890-d1cd-11ec-af5f-5254004e4f4c,Oliver,Reynolds,Freeda_Dare49@yahoo.com,+41 56 016 42 42,2023-05-14
75e6d4a0-d1cd-11ec-af5f-5254004e4f4c,Vicky,O'Kon,Alexa_Champlin76@yahoo.com,+41 05 795 63 72,2023-05-14
75e6e2d8-d1cd-11ec-af5f-5254004e4f4c,Emmet,Hammes,Maxine63@hotmail.com,+41 10 643 29 74,2023-05-14
75e6f06a-d1cd-11ec-af5f-5254004e4f4c,Lulu,Ruecker,Vernice.Bahringer46@hotmail.com,+41 84 683 63 87,2023-05-14
75e70c7c-d1cd-11ec-af5f-5254004e4f4c,Rashawn,Brekke,Keenan83@yahoo.com,+41 83 504 58 22,2023-05-14
75e71e77-d1cd-11ec-af5f-5254004e4f4c,Deonte,Reynolds,Camille.Orn97@yahoo.com,+41 18 385 35 92,2022-05-15
75e72eff-d1cd-11ec-af5f-5254004e4f4c,Greta,Rolfson,Edgar86@yahoo.com,+41 98 164 87 43,2023-05-14
75e73cc5-d1cd-11ec-af5f-5254004e4f4c,Lyda,Rosenbaum,Caesar_Reilly83@hotmail.com,+41 98 087 67 60,2023-05-14
75e74b2f-d1cd-11ec-af5f-5254004e4f4c,Kimberly,Kerluke,Edwin.Kreiger@hotmail.com,+41 67 482 88 41,2023-05-14
75e768b0-d1cd-11ec-af5f-5254004e4f4c,Camylle,Anderson,Lillie9@yahoo.com,+41 96 476 11 19,2023-05-14
75e775d0-d1cd-11ec-af5f-5254004e4f4c,Tyler,Schmitt,Griffin_Blanda@yahoo.com,+41 26 776 50 21,2023-05-14
75e78330-d1cd-11ec-af5f-5254004e4f4c,Carmel,Olson,Deven36@hotmail.com,+41 81 682 71 47,2022-05-15
75e79125-d1cd-11ec-af5f-5254004e4f4c,Murl,Steuber,Connor99@gmail.com,+41 16 898 25 13,2022-05-15
75e7b3d5-d1cd-11ec-af5f-5254004e4f4c,Effie,Witting,Marjolaine.Mante95@yahoo.com,+41 23 015 01 06,2023-05-14
75e7d316-d1cd-11ec-af5f-5254004e4f4c,Orlando,Bailey,Virginia.Hane@gmail.com,+41 75 965 14 33,2023-05-14
75e7e0ae-d1cd-11ec-af5f-5254004e4f4c,Nora,Parisian,Cristina_Homenick@yahoo.com,+41 73 545 62 12,2023-05-14
75e7ee45-d1cd-11ec-af5f-5254004e4f4c,Elissa,McGlynn,Meggie37@gmail.com,+41 12 637 18 20,2023-05-14
75e80c0a-d1cd-11ec-af5f-5254004e4f4c,Winona,Predovic,Arianna_Haley24@yahoo.com,+41 39 987 12 78,2023-05-15
75e819a8-d1cd-11ec-af5f-5254004e4f4c,Gillian,Smith,Israel.Beer20@gmail.com,+41 12 687 51 18,2023-05-14
75e82903-d1cd-11ec-af5f-5254004e4f4c,Waldo,Stracke,Jerrell.Hamill44@gmail.com,+41 23 302 54 39,2023-05-14
75e84367-d1cd-11ec-af5f-5254004e4f4c,Adolph,Bogan,Rosella31@yahoo.com,+41 09 773 77 84,2022-05-15
75e89d99-d1cd-11ec-af5f-5254004e4f4c,Monserrate,Heller,Nikko.Rempel@yahoo.com,+41 34 099 67 33,2023-05-14
75e8aba5-d1cd-11ec-af5f-5254004e4f4c,Stefanie,Conn,Otilia69@yahoo.com,+41 73 197 97 77,2023-05-14
75e8ba70-d1cd-11ec-af5f-5254004e4f4c,Teagan,Heaney,Vincenzo_Purdy@hotmail.com,+41 76 862 67 79,2023-05-14
75e8e7ba-d1cd-11ec-af5f-5254004e4f4c,Destin,Moen,Shayna_Adams@gmail.com,+41 85 896 77 31,2023-05-14
75e8cae4-d1cd-11ec-af5f-5254004e4f4c,Antwan,Braun,Ivah.Hilpert@gmail.com,+41 24 303 60 37,2022-05-15
75e8fe5c-d1cd-11ec-af5f-5254004e4f4c,Prudence,Gislason,Damien_Lockman@hotmail.com,+41 42 643 12 52,2023-05-14
75e90518-d1cd-11ec-af5f-5254004e4f4c,Kraig,Shanahan,Claude.Hegmann24@gmail.com,+41 00 584 04 67,2022-05-15
75e91269-d1cd-11ec-af5f-5254004e4f4c,Jerad,Spinka,Parker.Wolf@yahoo.com,+41 94 996 70 55,2023-05-14
75e921ad-d1cd-11ec-af5f-5254004e4f4c,Emmalee,Abbott,Juliet_Lang@hotmail.com,+41 02 723 37 84,2023-05-14
75e928c2-d1cd-11ec-af5f-5254004e4f4c,Tavares,Lubowitz,Adrain79@gmail.com,+41 38 144 95 68,2023-05-15
75e93510-d1cd-11ec-af5f-5254004e4f4c,Cleveland,Schamberger,Rickey76@yahoo.com,+41 05 466 83 04,2023-05-14
75e936ee-d1cd-11ec-af5f-5254004e4f4c,Cecilia,Bosco,Boyd.Orn83@hotmail.com,+41 59 250 25 49,2023-05-14
75e939d5-d1cd-11ec-af5f-5254004e4f4c,Bianka,Adams,Jesse.Borer@hotmail.com,+41 58 882 60 81,2023-05-14
75e9409b-d1cd-11ec-af5f-5254004e4f4c,Kristina,Schulist,Monty37@hotmail.com,+41 40 228 11 24,2023-05-14
75e94f5f-d1cd-11ec-af5f-5254004e4f4c,Agnes,Schuppe,Damian.Frami20@hotmail.com,+41 30 725 32 28,2023-05-14
75e94344-d1cd-11ec-af5f-5254004e4f4c,Jeffery,Bode,Cory_Runolfsson13@hotmail.com,+41 25 084 43 90,2023-05-14
75e9501b-d1cd-11ec-af5f-5254004e4f4c,Shanon,Kihn,Suzanne_Kautzer48@yahoo.com,+41 32 194 54 14,2023-05-14
75e959c2-d1cd-11ec-af5f-5254004e4f4c,Angelina,Denesik,Eleazar0@yahoo.com,+41 34 387 79 30,2022-05-15
75e96a57-d1cd-11ec-af5f-5254004e4f4c,Katlynn,Abshire,Freda_Stracke73@hotmail.com,+41 48 798 52 29,2023-05-14
75e97a65-d1cd-11ec-af5f-5254004e4f4c,Wilhelmine,Fritsch,Cleve_Williamson51@hotmail.com,+41 21 400 79 89,2023-05-14
75e9915b-d1cd-11ec-af5f-5254004e4f4c,Angel,Gulgowski,Brendan.Boehm80@yahoo.com,+41 45 981 91 25,2023-05-14
75e9a12d-d1cd-11ec-af5f-5254004e4f4c,Renee,Barton,Diana16@yahoo.com,+41 49 878 97 87,2023-05-14
75e9af6e-d1cd-11ec-af5f-5254004e4f4c,Rene,Schneider,Brandyn31@yahoo.com,+41 23 570 32 80,2023-05-14
75e9bdde-d1cd-11ec-af5f-5254004e4f4c,Victor,Crooks,Rod80@hotmail.com,+41 26 218 86 74,2023-05-15
75ea1315-d1cd-11ec-af5f-5254004e4f4c,Jacques,Stroman,Walter.Keeling@gmail.com,+41 29 128 13 83,2023-05-14
75e8e0a3-d1cd-11ec-af5f-5254004e4f4c,Josiane,Mosciski,Joanne_Kuvalis@gmail.com,+41 06 542 55 43,2023-05-14
75ea2b31-d1cd-11ec-af5f-5254004e4f4c,Virgie,Greenholt,Elfrieda_Schneider64@hotmail.com,+41 92 389 94 95,2023-05-15
75ea4c0e-d1cd-11ec-af5f-5254004e4f4c,Jazmin,Zemlak,Cary_Denesik@yahoo.com,+41 46 484 82 48,2023-05-15
75ea6b91-d1cd-11ec-af5f-5254004e4f4c,Tania,Parker,Wyatt_Christiansen37@gmail.com,+41 17 899 40 90,2023-05-14
75ea966e-d1cd-11ec-af5f-5254004e4f4c,Jaime,Bernhard,Harley_Boyle38@hotmail.com,+41 44 986 37 93,2023-05-14
75eadd4d-d1cd-11ec-af5f-5254004e4f4c,Chesley,Rempel,Camila9@yahoo.com,+41 14 766 57 81,2022-05-15
75e8d682-d1cd-11ec-af5f-5254004e4f4c,Toby,Erdman,Lucienne_Kilback@gmail.com,+41 79 082 01 62,2023-05-14
75eae578-d1cd-11ec-af5f-5254004e4f4c,Bettye,Kunze,Celestine.Kshlerin@yahoo.com,+41 01 030 96 78,2023-05-14
78501cfb-e560-11eb-8053-5254004e4f4c,Dallas,Luettgen,Haylee43@gmail.com,+41 38 629 91 89,2023-05-14
78506eec-e560-11eb-8053-5254004e4f4c,Percival,Johns,Isabella15@gmail.com,+41 14 622 74 46,2023-05-14
78507815-e560-11eb-8053-5254004e4f4c,Prince,Volkman,Reinhold27@gmail.com,+41 87 739 88 40,2023-05-14
78508880-e560-11eb-8053-5254004e4f4c,Jaylen,Rolfson,Mauricio55@hotmail.com,+41 98 755 13 14,2022-09-01
785091d4-e560-11eb-8053-5254004e4f4c,Heather,Boyer,Christine71@yahoo.com,+41 61 056 01 57,2023-05-14
78509a6e-e560-11eb-8053-5254004e4f4c,Katharina,Bauch,Marcella_Haley40@yahoo.com,+41 57 362 88 58,2023-05-14
7850d29d-e560-11eb-8053-5254004e4f4c,Eulalia,Kirlin,Taylor4@yahoo.com,+41 52 974 38 85,2023-05-14
7850e966-e560-11eb-8053-5254004e4f4c,Leo,O'Keefe,Maxine.Ziemann@hotmail.com,+41 17 023 97 98,2023-05-14
78512075-e560-11eb-8053-5254004e4f4c,Saige,VonRueden,Dayne_Block17@gmail.com,+41 22 147 14 56,2023-05-14
78513283-e560-11eb-8053-5254004e4f4c,Gregorio,Stoltenberg,Maynard_Ruecker7@yahoo.com,+41 02 331 63 37,2023-05-14
78514c28-e560-11eb-8053-5254004e4f4c,Emilie,Rogahn,Carolyne.Stark5@hotmail.com,+41 16 531 77 34,2022-05-15
78515e00-e560-11eb-8053-5254004e4f4c,Bruce,Willms,Ella27@gmail.com,+41 74 658 09 76,2022-05-15
78516fad-e560-11eb-8053-5254004e4f4c,Hilton,Hartmann,Giovanna.VonRueden@gmail.com,+41 69 727 91 64,2021-09-01
78517713-e560-11eb-8053-5254004e4f4c,Cruz,Hartmann,Dorothea22@gmail.com,+41 06 162 85 70,2021-09-01
78518168-e560-11eb-8053-5254004e4f4c,Gilberto,Kuhic,Susanna_Cremin@yahoo.com,+41 86 508 23 89,2021-09-01
785186ff-e560-11eb-8053-5254004e4f4c,Filomena,Corkery,Berneice55@gmail.com,+41 95 098 15 18,2023-05-14
78518825-e560-11eb-8053-5254004e4f4c,Carli,Hartmann,Fredy79@hotmail.com,+41 06 419 85 37,2022-09-01
78518c90-e560-11eb-8053-5254004e4f4c,Camilla,Roberts,Eldred.Goodwin@gmail.com,+41 10 855 70 39,2023-05-14
785191ac-e560-11eb-8053-5254004e4f4c,Flavie,Gottlieb,Garth.Sauer@hotmail.com,+41 58 323 13 35,2023-05-14
7851995f-e560-11eb-8053-5254004e4f4c,Giuseppe,Rippin,Amelia.Koepp@yahoo.com,+41 82 558 21 38,2022-09-01
7851a5c8-e560-11eb-8053-5254004e4f4c,Susie,Rath,Toney_Kuphal71@gmail.com,+41 10 420 53 37,2023-05-14
7ca43571-e560-11eb-8053-5254004e4f4c,Gudrun,Franecki,Laisha.Bergnaum@hotmail.com,+41 73 628 75 27,2023-05-14
7ca45155-e560-11eb-8053-5254004e4f4c,Quinn,Pfeffer,Ubaldo_Stokes71@gmail.com,+41 06 381 86 88,2023-05-14
7ca451ff-e560-11eb-8053-5254004e4f4c,Elwin,Beatty,Macie_Jacobson@gmail.com,+41 12 777 23 07,2022-09-01
7ca4669e-e560-11eb-8053-5254004e4f4c,Kenton,Schneider,Josh.Kuhn60@hotmail.com,+41 92 437 22 14,2021-09-01
7ca48166-e560-11eb-8053-5254004e4f4c,Earnestine,Legros,Angelo.Borer34@gmail.com,+41 56 528 79 97,2023-05-14
7ca49115-e560-11eb-8053-5254004e4f4c,Kamron,Gleichner,Mckenzie_Dietrich37@hotmail.com,+41 02 263 40 93,2021-09-01
7ca49e91-e560-11eb-8053-5254004e4f4c,Lawrence,Ritchie,Jerad.Boyer80@hotmail.com,+41 33 690 72 44,2023-05-14
7ca4aa06-e560-11eb-8053-5254004e4f4c,Ayana,Marvin,Kirk.Trantow66@hotmail.com,+41 79 039 87 38,2021-09-01
7ca4b7b9-e560-11eb-8053-5254004e4f4c,Roman,Grimes,Andy.Lubowitz@yahoo.com,+41 74 980 34 23,2021-09-01
7ca4c732-e560-11eb-8053-5254004e4f4c,Don,Walsh,Caitlyn19@gmail.com,+41 89 287 15 94,2023-05-14
7ca4d545-e560-11eb-8053-5254004e4f4c,Larry,Sanford,Antonette_Abbott55@hotmail.com,+41 56 313 27 98,2021-09-01
7ca4ee10-e560-11eb-8053-5254004e4f4c,Amy,McKenzie,Soledad.Walker76@gmail.com,+41 18 620 44 95,2023-05-14
7ca501f5-e560-11eb-8053-5254004e4f4c,Jack,Heaney,Devyn_Monahan89@hotmail.com,+41 81 733 68 75,2023-05-14
7ca5024f-e560-11eb-8053-5254004e4f4c,Elisha,Mertz,Garret_Klocko82@gmail.com,+41 36 378 15 84,2023-05-14
7ca511ae-e560-11eb-8053-5254004e4f4c,Ewell,Bode,Ali_Toy66@yahoo.com,+41 77 025 11 78,2021-09-01
7ca52022-e560-11eb-8053-5254004e4f4c,Enrique,Beatty,Gisselle57@hotmail.com,+41 00 799 91 53,2022-05-15
7ca542f3-e560-11eb-8053-5254004e4f4c,Luis,Ledner,Caleb.Yundt@gmail.com,+41 69 962 22 84,2021-09-01
7ca550a7-e560-11eb-8053-5254004e4f4c,Myrtice,Purdy,Jarred_Rohan23@yahoo.com,+41 55 719 70 72,2022-09-01
7ca55eca-e560-11eb-8053-5254004e4f4c,Adam,Mueller,Orrin38@hotmail.com,+41 76 937 15 38,2022-05-15
7ca59c3b-e560-11eb-8053-5254004e4f4c,Kellen,Farrell,Cordie.Daniel@gmail.com,+41 58 879 66 51,2023-05-14
7ca5ab36-e560-11eb-8053-5254004e4f4c,Gregorio,Koelpin,Dante.Collins64@hotmail.com,+41 51 019 88 81,2021-09-01
7ca5bb26-e560-11eb-8053-5254004e4f4c,Grady,McGlynn,Jazmyne_Durgan82@hotmail.com,+41 85 828 06 23,2023-05-14
7ca5cb51-e560-11eb-8053-5254004e4f4c,Bradford,Cummings,Vincenza.White@hotmail.com,+41 11 200 12 88,2021-09-01
7ca5e967-e560-11eb-8053-5254004e4f4c,Jayme,Sporer,Marc.Hessel92@gmail.com,+41 99 813 04 31,2022-09-01
7ca5f7c8-e560-11eb-8053-5254004e4f4c,Jennyfer,Kuhlman,Era59@yahoo.com,+41 43 038 35 22,2022-05-15
7ca64ac5-e560-11eb-8053-5254004e4f4c,Lera,Grady,Jasmin88@hotmail.com,+41 88 940 64 76,2023-05-14
7ca652cb-e560-11eb-8053-5254004e4f4c,Kelton,O'Connell,Adalberto_Barton72@yahoo.com,+41 50 091 34 41,2023-05-14
7ca65a7a-e560-11eb-8053-5254004e4f4c,Felix,Bergnaum,Florence_McKenzie46@yahoo.com,+41 16 100 77 76,2022-09-01
7ca662a8-e560-11eb-8053-5254004e4f4c,Christopher,Shields,Theresia_Gleason8@yahoo.com,+41 69 016 51 15,2021-09-01
7ca669fd-e560-11eb-8053-5254004e4f4c,Dexter,Lesch,Laura_Bode50@yahoo.com,+41 40 395 38 80,2023-05-14
7ca67229-e560-11eb-8053-5254004e4f4c,Norbert,Flatley,Eden.Kiehn90@hotmail.com,+41 76 794 91 58,2022-09-01
7ca68011-e560-11eb-8053-5254004e4f4c,Axel,Stanton,Kaela.Bailey97@yahoo.com,+41 47 332 23 27,2023-05-14
7ca68e28-e560-11eb-8053-5254004e4f4c,Citlalli,Cormier,Irving_Schmidt96@yahoo.com,+41 01 663 36 35,2021-09-01
7ca6b7dd-e560-11eb-8053-5254004e4f4c,Alexander,Mayert,Price87@hotmail.com,+41 86 094 69 59,2023-05-14
7ca6c3d4-e560-11eb-8053-5254004e4f4c,Arvel,Bartell,Jailyn.Cremin53@gmail.com,+41 91 073 91 65,2021-09-01
7fa06581-d1cd-11ec-af5f-5254004e4f4c,Laurine,Hilpert,Kaia.Feest15@yahoo.com,+41 41 420 60 20,2023-05-14
7fa07c09-d1cd-11ec-af5f-5254004e4f4c,Evan,Feest,Dahlia39@gmail.com,+41 59 123 33 19,2022-05-15
7fa08792-d1cd-11ec-af5f-5254004e4f4c,Emily,Feeney,Arnoldo14@gmail.com,+41 56 293 42 88,2023-05-14
7fa0934c-d1cd-11ec-af5f-5254004e4f4c,Germaine,Bradtke,Ken_Rutherford@yahoo.com,+41 82 665 64 23,2023-05-14
7fa09514-d1cd-11ec-af5f-5254004e4f4c,Eldon,Schmitt,Hilda43@yahoo.com,+41 76 952 18 24,2023-05-14
7fa09b98-d1cd-11ec-af5f-5254004e4f4c,Anastacio,Rohan,Adelbert.Greenfelder@gmail.com,+41 05 276 71 51,2023-05-14
7fa0a45e-d1cd-11ec-af5f-5254004e4f4c,Garnett,Nikolaus,Florencio_Legros48@yahoo.com,+41 66 313 99 81,2023-05-15
7fa0ac38-d1cd-11ec-af5f-5254004e4f4c,Hunter,Fadel,Randy99@yahoo.com,+41 49 938 57 10,2023-05-14
7fa0ac99-d1cd-11ec-af5f-5254004e4f4c,Sydney,Kassulke,Jan.McDermott80@hotmail.com,+41 38 719 80 05,2023-05-14
7fa0b432-d1cd-11ec-af5f-5254004e4f4c,Clay,Ratke,Dayton.Hudson88@hotmail.com,+41 39 560 51 39,2023-05-15
7fa0ba96-d1cd-11ec-af5f-5254004e4f4c,Bruce,Herzog,Raquel.Schmitt74@gmail.com,+41 77 233 11 34,2023-05-14
7fa0bd26-d1cd-11ec-af5f-5254004e4f4c,Wilson,Weimann,Deven64@yahoo.com,+41 18 812 40 46,2023-05-14
7fa0c835-d1cd-11ec-af5f-5254004e4f4c,Jeffery,Beier,Rollin_Jones@yahoo.com,+41 64 331 54 78,2023-05-14
7fa0d961-d1cd-11ec-af5f-5254004e4f4c,Reyes,Bogisich,Winfield.Purdy@gmail.com,+41 25 842 41 75,2023-05-14
7fa0ebc8-d1cd-11ec-af5f-5254004e4f4c,Yasmine,Wuckert,Duncan.Ledner@gmail.com,+41 93 028 29 57,2023-05-14
7fa10b78-d1cd-11ec-af5f-5254004e4f4c,Gladys,Oberbrunner,Pablo57@gmail.com,+41 54 264 53 52,2023-05-14
7fa10e65-d1cd-11ec-af5f-5254004e4f4c,Blanche,Kuhn,Jaquelin_Bergstrom@hotmail.com,+41 51 498 07 72,2023-05-15
7fa11f3d-d1cd-11ec-af5f-5254004e4f4c,Lucile,Romaguera,Cali_Predovic@gmail.com,+41 60 847 57 86,2022-05-15
7fa129ce-d1cd-11ec-af5f-5254004e4f4c,Kyleigh,Rau,Abdul.Gorczany98@hotmail.com,+41 59 148 50 95,2023-05-14
7fa13700-d1cd-11ec-af5f-5254004e4f4c,Reva,Graham,Dulce.Walter@yahoo.com,+41 07 132 45 61,2023-05-14
7fa1448d-d1cd-11ec-af5f-5254004e4f4c,Ole,Klocko,Jackeline0@hotmail.com,+41 07 113 08 14,2023-05-14
7fa1548e-d1cd-11ec-af5f-5254004e4f4c,Emmalee,Ratke,Korbin_McLaughlin@yahoo.com,+41 58 591 04 56,2022-05-15
7fa161d0-d1cd-11ec-af5f-5254004e4f4c,Narciso,Bins,Royal.Watsica53@yahoo.com,+41 37 921 35 72,2023-05-14
7fa17004-d1cd-11ec-af5f-5254004e4f4c,Mckayla,Crooks,Haven.Schmidt@gmail.com,+41 04 766 44 44,2023-05-14
7fa18546-d1cd-11ec-af5f-5254004e4f4c,Keeley,Shields,Adelia_Johns@yahoo.com,+41 18 223 85 95,2021-05-15
7fa1926e-d1cd-11ec-af5f-5254004e4f4c,Jesus,King,Tate.Baumbach@gmail.com,+41 62 685 96 73,2023-05-15
7fa1a0a7-d1cd-11ec-af5f-5254004e4f4c,Hubert,Lebsack,Lois67@gmail.com,+41 90 067 96 87,2023-05-14
7fa1b030-d1cd-11ec-af5f-5254004e4f4c,Mohammad,Kub,Carli9@yahoo.com,+41 03 015 11 36,2023-05-14
7fa1cbf1-d1cd-11ec-af5f-5254004e4f4c,Brenden,Reinger,Ross75@yahoo.com,+41 46 587 95 91,2023-05-14
7fa1e9d4-d1cd-11ec-af5f-5254004e4f4c,Martine,Hammes,Domingo_Mann@hotmail.com,+41 70 689 59 09,2023-05-14
7fa1fbdf-d1cd-11ec-af5f-5254004e4f4c,Bill,Crist,Magnolia.Lakin@gmail.com,+41 72 981 34 33,2022-05-15
7fa2162b-d1cd-11ec-af5f-5254004e4f4c,Vita,Friesen,Emma.Heller25@hotmail.com,+41 80 672 29 19,2023-05-14
7fa22293-d1cd-11ec-af5f-5254004e4f4c,Kameron,Hegmann,Nicolette9@hotmail.com,+41 42 298 25 07,2023-05-14
7fa23eda-d1cd-11ec-af5f-5254004e4f4c,Merlin,Runte,Dora94@gmail.com,+41 71 709 40 64,2023-05-14
7fa24c5a-d1cd-11ec-af5f-5254004e4f4c,Pierre,Douglas,Juana.Harvey78@yahoo.com,+41 11 079 04 99,2023-05-14
7fa25d4b-d1cd-11ec-af5f-5254004e4f4c,Clotilde,Mueller,Tiffany_Nitzsche89@yahoo.com,+41 68 985 62 69,2023-05-14
7fa26eca-d1cd-11ec-af5f-5254004e4f4c,Jessie,Green,Tania90@hotmail.com,+41 07 927 27 85,2023-05-14
7fa28a2c-d1cd-11ec-af5f-5254004e4f4c,Norris,Okuneva,Tatum.Bechtelar63@yahoo.com,+41 10 184 49 05,2023-05-14
7fa2975b-d1cd-11ec-af5f-5254004e4f4c,Antonietta,Harris,Jacquelyn18@yahoo.com,+41 95 679 90 55,2023-05-14
7fa2b32f-d1cd-11ec-af5f-5254004e4f4c,Terrill,Skiles,Destinee_Green@yahoo.com,+41 34 544 04 43,2023-05-14
7fa2c2b7-d1cd-11ec-af5f-5254004e4f4c,Lydia,Jast,Lisa86@gmail.com,+41 08 164 42 41,2023-05-14
7fa2d1ad-d1cd-11ec-af5f-5254004e4f4c,Ebony,Reinger,Christiana.Zulauf85@gmail.com,+41 87 503 15 56,2023-05-14
7fa2ec26-d1cd-11ec-af5f-5254004e4f4c,Mozelle,Cartwright,Fleta_Leuschke53@gmail.com,+41 27 227 87 91,2023-05-14
7fa30c88-d1cd-11ec-af5f-5254004e4f4c,Toy,Paucek,Ayla_McCullough@hotmail.com,+41 59 982 55 46,2022-05-15
7fa3290e-d1cd-11ec-af5f-5254004e4f4c,Benton,Lowe,Heloise69@yahoo.com,+41 68 145 17 88,2023-05-14
7fa35120-d1cd-11ec-af5f-5254004e4f4c,Myrtie,Brekke,Rubie.Hegmann@gmail.com,+41 10 535 64 73,2022-05-15
7fa3749d-d1cd-11ec-af5f-5254004e4f4c,Ethyl,Kihn,Annie66@hotmail.com,+41 66 301 79 09,2023-05-14
7fa3821f-d1cd-11ec-af5f-5254004e4f4c,Emily,Franecki,Zaria_Nikolaus9@hotmail.com,+41 08 023 77 88,2022-05-15
7fa39178-d1cd-11ec-af5f-5254004e4f4c,Richmond,Effertz,Peyton.Bosco22@gmail.com,+41 21 957 25 26,2023-05-14
7fa39f7e-d1cd-11ec-af5f-5254004e4f4c,Monica,McCullough,Elody_Rodriguez58@gmail.com,+41 16 819 86 69,2023-05-14
7fa3bbb4-d1cd-11ec-af5f-5254004e4f4c,Gillian,Heathcote,Kailee.Kutch73@yahoo.com,+41 05 765 41 66,2023-05-14
7fa3c91f-d1cd-11ec-af5f-5254004e4f4c,Leonie,Dare,Zetta_Blanda39@hotmail.com,+41 33 465 45 21,2023-05-14
7fa3eeb7-d1cd-11ec-af5f-5254004e4f4c,Eldred,Toy,Dax33@gmail.com,+41 06 121 28 82,2023-05-14
7fa3fd5e-d1cd-11ec-af5f-5254004e4f4c,Chaim,Barrows,Tyrell_Abshire53@yahoo.com,+41 57 898 44 13,2022-05-15
7fa40afa-d1cd-11ec-af5f-5254004e4f4c,Brooke,Boehm,Lempi_Smitham47@gmail.com,+41 29 407 79 69,2022-05-15
7fa43696-d1cd-11ec-af5f-5254004e4f4c,Shanie,Romaguera,Beth_Kirlin24@yahoo.com,+41 15 353 20 51,2023-05-14
7fa44535-d1cd-11ec-af5f-5254004e4f4c,Rose,Beahan,Ephraim.Little@gmail.com,+41 91 032 43 72,2023-05-14
7fa452ae-d1cd-11ec-af5f-5254004e4f4c,Elinore,Wintheiser,Glenda_Roberts24@yahoo.com,+41 61 075 64 79,2023-05-14
7fa46212-d1cd-11ec-af5f-5254004e4f4c,Aglae,Huel,Bert_Larson59@yahoo.com,+41 30 362 09 68,2023-05-14
7fa470dc-d1cd-11ec-af5f-5254004e4f4c,Aurelio,Oberbrunner,Simeon_Mante@yahoo.com,+41 45 404 22 33,2023-05-15
7fa47ced-d1cd-11ec-af5f-5254004e4f4c,Marc,Lynch,Graham66@gmail.com,+41 36 039 62 96,2023-05-14
7fa49760-d1cd-11ec-af5f-5254004e4f4c,Adrienne,Keebler,Crawford74@gmail.com,+41 34 201 33 30,2022-05-15
7fa4a691-d1cd-11ec-af5f-5254004e4f4c,Alayna,Medhurst,Edna_Volkman@gmail.com,+41 22 885 39 32,2023-05-14
7fa4b383-d1cd-11ec-af5f-5254004e4f4c,Suzanne,Zemlak,Rosa72@hotmail.com,+41 33 359 95 90,2023-05-14
7fa4c2ee-d1cd-11ec-af5f-5254004e4f4c,Kolby,Rippin,Julianne15@yahoo.com,+41 92 184 15 21,2023-05-14
7fa4d5ce-d1cd-11ec-af5f-5254004e4f4c,Mertie,Pouros,Keyshawn_Goodwin89@hotmail.com,+41 87 716 97 67,2023-05-14
7fa4eac8-d1cd-11ec-af5f-5254004e4f4c,Trevor,Lueilwitz,Evelyn41@gmail.com,+41 69 357 17 78,2023-05-14
7fa5004d-d1cd-11ec-af5f-5254004e4f4c,Sylvester,Schamberger,Natalie_Lemke10@hotmail.com,+41 84 631 26 82,2023-05-14
7fa509b9-d1cd-11ec-af5f-5254004e4f4c,Luna,Mueller,Jennie_Kris@yahoo.com,+41 79 046 74 19,2023-05-14
7fa51445-d1cd-11ec-af5f-5254004e4f4c,Lexi,MacGyver,Lauriane.Williamson74@yahoo.com,+41 94 863 86 49,2022-05-15
7fa51cd7-d1cd-11ec-af5f-5254004e4f4c,Jerry,Runolfsdottir,Deshawn.Howe@hotmail.com,+41 22 856 92 28,2023-05-14
7fa526da-d1cd-11ec-af5f-5254004e4f4c,Kurtis,Reichert,Henriette.Wintheiser@hotmail.com,+41 27 834 81 91,2023-05-14
7fa5316f-d1cd-11ec-af5f-5254004e4f4c,Shanon,Rosenbaum,Angus_Abernathy87@hotmail.com,+41 41 998 61 31,2023-05-14
7fa549aa-d1cd-11ec-af5f-5254004e4f4c,Quinn,Cruickshank,Zula.Grimes8@yahoo.com,+41 51 306 11 22,2023-05-14
7fa55344-d1cd-11ec-af5f-5254004e4f4c,Ayla,Kozey,Rebeka93@yahoo.com,+41 38 502 84 37,2022-05-15
7fa56582-d1cd-11ec-af5f-5254004e4f4c,Robb,Hagenes,Eugene_Terry@hotmail.com,+41 89 230 98 05,2023-05-14
7fa56eaf-d1cd-11ec-af5f-5254004e4f4c,Adonis,Corkery,Eileen_Aufderhar81@gmail.com,+41 70 666 70 77,2023-05-14
7fa577a3-d1cd-11ec-af5f-5254004e4f4c,Sebastian,Carroll,Shawn_Mosciski@gmail.com,+41 62 674 98 40,2023-05-14
7fa58072-d1cd-11ec-af5f-5254004e4f4c,Eliezer,O'Kon,Cara_Klein@hotmail.com,+41 22 239 86 29,2023-05-14
822e17ca-4393-11ec-92ab-5254004e4f4c,Noble,O'Reilly,Ansel58@gmail.com,+41 12 406 52 47,2023-05-14
822e17ce-4393-11ec-92ab-5254004e4f4c,Imelda,Beatty,Lonny32@gmail.com,+41 60 244 05 75,2023-05-14
822e2661-4393-11ec-92ab-5254004e4f4c,Devan,Lind,Noe52@gmail.com,+41 31 006 79 72,2023-05-14
822e30ac-4393-11ec-92ab-5254004e4f4c,Kennedi,Lakin,Leilani30@yahoo.com,+41 61 837 23 61,2023-05-14
869da213-d1cd-11ec-af5f-5254004e4f4c,Ova,Corkery,Isaiah_Steuber@yahoo.com,+41 20 844 16 44,2023-05-14
869da90b-d1cd-11ec-af5f-5254004e4f4c,Bethel,Donnelly,Shayna.Hills@yahoo.com,+41 56 026 10 22,2023-05-14
869dbed2-d1cd-11ec-af5f-5254004e4f4c,Mercedes,O'Keefe,Jaydon_Jacobson46@hotmail.com,+41 28 001 26 55,2023-05-14
869dcbe1-d1cd-11ec-af5f-5254004e4f4c,Max,Jones,Zora_Mraz@gmail.com,+41 06 148 53 73,2023-05-15
869dd78f-d1cd-11ec-af5f-5254004e4f4c,Ayana,Wisozk,Dimitri53@gmail.com,+41 10 996 81 96,2023-05-14
869de2eb-d1cd-11ec-af5f-5254004e4f4c,Susan,Lebsack,Lyric.Beer99@yahoo.com,+41 04 261 41 74,2023-05-14
869df02f-d1cd-11ec-af5f-5254004e4f4c,Chyna,Crooks,Donavon.Volkman@gmail.com,+41 20 177 18 48,2023-05-14
869e08e5-d1cd-11ec-af5f-5254004e4f4c,Della,Kuhlman,Nikolas48@hotmail.com,+41 20 753 37 36,2023-05-14
869e1452-d1cd-11ec-af5f-5254004e4f4c,Maryjane,Nolan,Eduardo93@hotmail.com,+41 62 755 98 70,2022-05-15
869e1f45-d1cd-11ec-af5f-5254004e4f4c,Oda,Tremblay,Haylee.Daniel99@hotmail.com,+41 36 155 54 47,2022-05-15
869e2bb3-d1cd-11ec-af5f-5254004e4f4c,Chris,Lemke,Soledad15@yahoo.com,+41 84 404 61 66,2023-05-14
869e3759-d1cd-11ec-af5f-5254004e4f4c,Cassandra,Von,John35@hotmail.com,+41 43 155 23 86,2023-05-14
869e4314-d1cd-11ec-af5f-5254004e4f4c,Bernice,Ankunding,Aglae.Muller80@yahoo.com,+41 67 651 31 40,2023-05-14
869e5bb7-d1cd-11ec-af5f-5254004e4f4c,Kellie,Bernhard,Francesca.Lubowitz@gmail.com,+41 99 324 12 82,2023-05-14
869e6403-d1cd-11ec-af5f-5254004e4f4c,Alene,Wintheiser,Samantha_Batz97@yahoo.com,+41 11 169 12 31,2023-05-14
869e6960-d1cd-11ec-af5f-5254004e4f4c,Creola,Price,Eliseo68@hotmail.com,+41 11 237 85 55,2023-05-14
869e6aa3-d1cd-11ec-af5f-5254004e4f4c,Edward,Considine,Eric_Lowe@yahoo.com,+41 48 841 42 33,2022-05-15
869e7ce7-d1cd-11ec-af5f-5254004e4f4c,Giovanni,Braun,Harold71@hotmail.com,+41 35 538 39 81,2023-05-14
869e81d3-d1cd-11ec-af5f-5254004e4f4c,Karina,Fay,Pasquale63@yahoo.com,+41 42 397 10 42,2023-05-14
869ebe55-d1cd-11ec-af5f-5254004e4f4c,Vicente,Veum,Ray_Zulauf@hotmail.com,+41 96 491 16 56,2023-05-14
869ece4f-d1cd-11ec-af5f-5254004e4f4c,Adrien,Berge,Scarlett_Romaguera61@hotmail.com,+41 05 695 23 92,2023-05-15
869eea9f-d1cd-11ec-af5f-5254004e4f4c,Frederique,West,Brandy.Hoppe50@gmail.com,+41 36 226 20 85,2023-05-14
869f1446-d1cd-11ec-af5f-5254004e4f4c,Christop,Gislason,Orin.Ferry@hotmail.com,+41 11 561 74 27,2022-05-15
869f2176-d1cd-11ec-af5f-5254004e4f4c,Raphaelle,Schmitt,Camilla.Brekke33@hotmail.com,+41 57 931 62 28,2022-05-15
869f5432-d1cd-11ec-af5f-5254004e4f4c,Edwardo,Block,Quentin.Cremin@yahoo.com,+41 92 334 75 69,2023-05-14
86a2af17-d1cd-11ec-af5f-5254004e4f4c,Ayden,Doyle,Benjamin_Treutel@gmail.com,+41 28 129 62 76,2023-05-14
86a2bc10-d1cd-11ec-af5f-5254004e4f4c,Chyna,Klocko,Donavon_Luettgen@hotmail.com,+41 30 346 28 89,2023-05-15
86a2c452-d1cd-11ec-af5f-5254004e4f4c,Elise,Gibson,Blanca_Frami@hotmail.com,+41 76 895 08 96,2023-05-14
86a2cafd-d1cd-11ec-af5f-5254004e4f4c,Jarrell,Mante,Dejon.Sawayn61@hotmail.com,+41 56 308 36 08,2022-05-15
86a2d162-d1cd-11ec-af5f-5254004e4f4c,Victoria,Bogisich,Sophia28@hotmail.com,+41 30 014 95 15,2023-05-14
86a2dd34-d1cd-11ec-af5f-5254004e4f4c,Edd,Mueller,Davon.Jacobi96@gmail.com,+41 88 725 26 04,2022-05-15
86a2e74b-d1cd-11ec-af5f-5254004e4f4c,Emil,Stiedemann,Marilou_Hettinger@hotmail.com,+41 16 450 93 01,2022-05-15
86a2efaf-d1cd-11ec-af5f-5254004e4f4c,Brown,Ward,Brigitte37@yahoo.com,+41 32 818 03 64,2022-05-15
86a30fe9-d1cd-11ec-af5f-5254004e4f4c,Kayla,Murray,Taylor_Koch@yahoo.com,+41 97 052 34 33,2023-05-14
86a3177c-d1cd-11ec-af5f-5254004e4f4c,Violet,Pagac,Haskell.Pfeffer76@yahoo.com,+41 91 523 03 63,2023-05-14
86a31eff-d1cd-11ec-af5f-5254004e4f4c,Fermin,Zieme,Vinnie_Conroy@yahoo.com,+41 21 544 31 28,2023-05-14
86a32671-d1cd-11ec-af5f-5254004e4f4c,Omari,Okuneva,Micah55@hotmail.com,+41 94 265 72 87,2023-05-14
86a32b3d-d1cd-11ec-af5f-5254004e4f4c,Vincent,Waelchi,Dejah_Harber@gmail.com,+41 23 922 87 49,2021-05-15
86a333a3-d1cd-11ec-af5f-5254004e4f4c,Mateo,Effertz,Cindy.Grady@yahoo.com,+41 01 910 79 39,2023-05-14
86a337b3-d1cd-11ec-af5f-5254004e4f4c,Waldo,Rodriguez,Christelle63@gmail.com,+41 84 519 83 90,2023-05-14
86a3474c-d1cd-11ec-af5f-5254004e4f4c,Holden,Doyle,Tobin_Nicolas20@gmail.com,+41 42 054 54 05,2023-05-15
86a34bc9-d1cd-11ec-af5f-5254004e4f4c,Arvel,Auer,Lavern60@hotmail.com,+41 35 061 73 57,2023-05-14
86a34ff4-d1cd-11ec-af5f-5254004e4f4c,Shanelle,Kassulke,Casimer35@yahoo.com,+41 28 606 82 77,2023-05-15
86a353fa-d1cd-11ec-af5f-5254004e4f4c,Delmer,Fadel,Patrick87@yahoo.com,+41 47 641 64 38,2023-05-14
86a357f7-d1cd-11ec-af5f-5254004e4f4c,Leda,Stanton,Sherman.Lesch@hotmail.com,+41 14 593 56 14,2023-05-15
86a35b81-d1cd-11ec-af5f-5254004e4f4c,Cheyanne,Hammes,Sandy24@gmail.com,+41 42 408 65 86,2023-05-14
86a36032-d1cd-11ec-af5f-5254004e4f4c,Justyn,Hyatt,Amparo33@yahoo.com,+41 88 216 08 42,2023-05-14
86a36b70-d1cd-11ec-af5f-5254004e4f4c,Sean,Heller,Aron37@hotmail.com,+41 70 896 96 02,2023-05-15
86a3702d-d1cd-11ec-af5f-5254004e4f4c,Owen,Emmerich,Verna_White84@yahoo.com,+41 20 613 92 49,2023-05-14
86a37408-d1cd-11ec-af5f-5254004e4f4c,Omer,Kub,Heaven_Gleason86@yahoo.com,+41 83 140 53 96,2023-05-14
86a3782b-d1cd-11ec-af5f-5254004e4f4c,Drake,Bartoletti,Rocky85@yahoo.com,+41 06 469 62 61,2023-05-14
86a37c37-d1cd-11ec-af5f-5254004e4f4c,Barton,Klein,Wilburn61@gmail.com,+41 43 589 36 05,2023-05-14
86a38187-d1cd-11ec-af5f-5254004e4f4c,Jasper,Abbott,Stefanie78@gmail.com,+41 91 669 66 56,2023-05-14
86a385d1-d1cd-11ec-af5f-5254004e4f4c,Jakayla,Vandervort,Gonzalo_Mayert63@yahoo.com,+41 61 577 99 26,2023-05-15
86a38a83-d1cd-11ec-af5f-5254004e4f4c,Destini,Kihn,Cassandra.Rohan20@hotmail.com,+41 73 846 72 48,2023-05-14
86a38ebc-d1cd-11ec-af5f-5254004e4f4c,Peggie,Nitzsche,Jaquelin.Kuvalis89@yahoo.com,+41 26 476 62 84,2023-05-14
86a392c5-d1cd-11ec-af5f-5254004e4f4c,Brown,Hickle,Rosalinda70@yahoo.com,+41 58 199 76 67,2023-05-15
86a397bc-d1cd-11ec-af5f-5254004e4f4c,Gladys,Ullrich,Mazie20@gmail.com,+41 37 325 33 14,2023-05-14
86a39e0b-d1cd-11ec-af5f-5254004e4f4c,Erich,Sawayn,Laila58@yahoo.com,+41 51 340 28 36,2023-05-14
86a3a263-d1cd-11ec-af5f-5254004e4f4c,Golden,Hahn,Gwendolyn.Nikolaus@hotmail.com,+41 02 247 05 47,2022-05-15
86a3a6a0-d1cd-11ec-af5f-5254004e4f4c,Camden,Franey,Gilda.Swift27@gmail.com,+41 72 141 31 17,2022-05-15
86a3ab17-d1cd-11ec-af5f-5254004e4f4c,Alfredo,Ziemann,Precious_Nader23@yahoo.com,+41 39 906 68 81,2023-05-14
86a3af33-d1cd-11ec-af5f-5254004e4f4c,Nicola,Dietrich,Florine.Zulauf12@hotmail.com,+41 02 743 71 31,2023-05-15
86a3b312-d1cd-11ec-af5f-5254004e4f4c,Cyril,Koch,Emmet_Tromp@hotmail.com,+41 81 267 50 60,2023-05-14
86a3b764-d1cd-11ec-af5f-5254004e4f4c,August,Haag,Grady_Gerlach26@gmail.com,+41 96 446 18 25,2023-05-14
86a3bb1a-d1cd-11ec-af5f-5254004e4f4c,Joanny,Flatley,Hope51@gmail.com,+41 37 835 96 32,2023-05-14
86a3bf0a-d1cd-11ec-af5f-5254004e4f4c,Tanya,Douglas,Marcelino35@gmail.com,+41 85 600 47 91,2023-05-14
86a3c9e1-d1cd-11ec-af5f-5254004e4f4c,Jevon,Macejkovic,Anahi.Hickle@hotmail.com,+41 50 397 67 41,2023-05-14
86a3ce74-d1cd-11ec-af5f-5254004e4f4c,Jewel,Koepp,Roy.Dicki51@gmail.com,+41 52 883 35 66,2023-05-14
86a3d64f-d1cd-11ec-af5f-5254004e4f4c,Wendell,Walter,Leif_Ryan14@gmail.com,+41 00 525 38 40,2023-05-14
86a3da2a-d1cd-11ec-af5f-5254004e4f4c,Jazmyne,Donnelly,Justen91@gmail.com,+41 26 167 13 73,2023-05-14
86a3e205-d1cd-11ec-af5f-5254004e4f4c,Dell,Nitzsche,Cleora37@gmail.com,+41 56 519 06 56,2023-05-14
86a3e9d5-d1cd-11ec-af5f-5254004e4f4c,Ottilie,Kassulke,Anika.Douglas37@yahoo.com,+41 87 561 02 65,2023-05-14
86a3ee73-d1cd-11ec-af5f-5254004e4f4c,Miguel,Cartwright,Jeffry32@hotmail.com,+41 09 457 32 93,2023-05-14
86a3f27b-d1cd-11ec-af5f-5254004e4f4c,Jamal,Shields,Gerhard_Stoltenberg@yahoo.com,+41 72 385 28 46,2023-05-15
86a3f68f-d1cd-11ec-af5f-5254004e4f4c,Orland,Funk,Jarret.Terry71@hotmail.com,+41 96 251 96 48,2023-05-14
86a44bec-d1cd-11ec-af5f-5254004e4f4c,Ben,Stoltenberg,Joshuah94@yahoo.com,+41 67 612 47 20,2022-05-15
86a46368-d1cd-11ec-af5f-5254004e4f4c,Jaydon,Von,Allen_Abernathy@hotmail.com,+41 75 933 03 81,2023-05-14
86a46952-d1cd-11ec-af5f-5254004e4f4c,Gail,Olson,Madisen86@yahoo.com,+41 30 619 28 58,2023-05-14
86a47594-d1cd-11ec-af5f-5254004e4f4c,Torey,Labadie,Gerard_Trantow27@gmail.com,+41 55 912 52 91,2023-05-14
8c3947af-d1cd-11ec-af5f-5254004e4f4c,Rita,Johns,Maida_Jones@yahoo.com,+41 28 117 88 06,2023-05-14
8c395666-d1cd-11ec-af5f-5254004e4f4c,Max,Leuschke,Beverly.Kiehn7@yahoo.com,+41 49 415 38 82,2023-05-14
8c396972-d1cd-11ec-af5f-5254004e4f4c,Geovanni,Bernier,Fredy_Harber35@hotmail.com,+41 39 409 84 53,2023-05-14
8c397746-d1cd-11ec-af5f-5254004e4f4c,Willis,Schamberger,Royce.Gottlieb@gmail.com,+41 23 315 06 54,2023-05-14
8c397cf5-d1cd-11ec-af5f-5254004e4f4c,Jules,Ledner,Ford.Wolf@yahoo.com,+41 74 245 38 92,2023-05-14
8c39abb3-d1cd-11ec-af5f-5254004e4f4c,Gust,Crona,Josue.Cole5@yahoo.com,+41 08 920 01 95,2023-05-14
8c39b99f-d1cd-11ec-af5f-5254004e4f4c,Damon,Murphy,Toney_Mraz@yahoo.com,+41 21 738 12 76,2023-05-15
8c39c78f-d1cd-11ec-af5f-5254004e4f4c,Maverick,Cormier,Clementina.Windler@gmail.com,+41 73 793 99 90,2023-05-15
8c39ce2b-d1cd-11ec-af5f-5254004e4f4c,Arno,Hilll,Matilde_Kshlerin@hotmail.com,+41 59 489 99 52,2023-05-14
8c39d4ea-d1cd-11ec-af5f-5254004e4f4c,Nash,Collier,Hilario.Kassulke46@yahoo.com,+41 17 538 65 19,2023-05-15
8c39db94-d1cd-11ec-af5f-5254004e4f4c,Lorenzo,Ritchie,Tomasa39@gmail.com,+41 79 928 33 46,2023-05-14
8c39e12d-d1cd-11ec-af5f-5254004e4f4c,Noe,Sipes,Hubert_Hickle@gmail.com,+41 18 512 73 21,2023-05-14
8c39e744-d1cd-11ec-af5f-5254004e4f4c,Jake,Powlowski,Norma36@yahoo.com,+41 39 185 66 96,2023-05-14
8c39eda0-d1cd-11ec-af5f-5254004e4f4c,Jalon,Hand,Aimee_Wilderman42@hotmail.com,+41 69 565 42 10,2022-05-15
8c39f470-d1cd-11ec-af5f-5254004e4f4c,Jennyfer,Rohan,Norma_Ritchie@yahoo.com,+41 93 032 47 64,2023-05-14
8c39fb0e-d1cd-11ec-af5f-5254004e4f4c,Jamal,Stiedemann,Karine6@hotmail.com,+41 14 888 49 76,2022-05-15
8c3a0a5c-d1cd-11ec-af5f-5254004e4f4c,Hershel,VonRueden,Dennis_Corkery3@hotmail.com,+41 92 641 34 83,2023-05-14
8c3a1878-d1cd-11ec-af5f-5254004e4f4c,Herman,Boyer,Syble_Lueilwitz@hotmail.com,+41 10 733 03 00,2023-05-14
8c3a2083-d1cd-11ec-af5f-5254004e4f4c,Amelia,Dach,Misty.Kuhic@gmail.com,+41 62 526 34 85,2022-05-15
8c3a26cf-d1cd-11ec-af5f-5254004e4f4c,Josefa,Von,Rodolfo_Russel62@yahoo.com,+41 79 492 72 55,2023-05-14
8c3a2735-d1cd-11ec-af5f-5254004e4f4c,Tyrel,Hirthe,Madisyn_Purdy76@gmail.com,+41 28 933 35 54,2023-05-14
8c3a2c82-d1cd-11ec-af5f-5254004e4f4c,Gianni,Rohan,Orpha.Kling@yahoo.com,+41 56 360 21 87,2023-05-14
8c3a3272-d1cd-11ec-af5f-5254004e4f4c,Lucinda,Brakus,Arnaldo97@hotmail.com,+41 46 809 15 97,2023-05-14
8c3a34be-d1cd-11ec-af5f-5254004e4f4c,Salma,McKenzie,Shania10@hotmail.com,+41 39 048 43 00,2023-05-14
8c3a386b-d1cd-11ec-af5f-5254004e4f4c,Elta,Brakus,Maureen20@yahoo.com,+41 93 683 26 19,2022-05-15
8c3a418b-d1cd-11ec-af5f-5254004e4f4c,Leo,Miller,Kameron_Ankunding@yahoo.com,+41 29 318 29 94,2023-05-14
8c3a4cc1-d1cd-11ec-af5f-5254004e4f4c,Roger,Toy,Gunnar.Lindgren35@yahoo.com,+41 69 523 76 89,2023-05-14
8c3a4d02-d1cd-11ec-af5f-5254004e4f4c,Everett,Franecki,Thurman.Hintz@gmail.com,+41 10 274 00 60,2023-05-15
8c3a5135-d1cd-11ec-af5f-5254004e4f4c,Dina,Rohan,Vern_Hamill@hotmail.com,+41 55 174 18 37,2023-05-14
8c3a55a5-d1cd-11ec-af5f-5254004e4f4c,Layla,Rolfson,Jermey99@hotmail.com,+41 16 727 10 05,2022-05-15
8c3a577a-d1cd-11ec-af5f-5254004e4f4c,Abby,Powlowski,Franz.Skiles@gmail.com,+41 24 580 57 53,2022-05-15
8c3a68e7-d1cd-11ec-af5f-5254004e4f4c,Kylee,Kunze,Madelyn26@hotmail.com,+41 26 540 78 91,2023-05-14
8c3a73fa-d1cd-11ec-af5f-5254004e4f4c,Johnson,Borer,Nina.Herzog20@hotmail.com,+41 25 949 03 27,2022-05-15
8c3a7f8c-d1cd-11ec-af5f-5254004e4f4c,Wilmer,Schinner,Tiara1@yahoo.com,+41 32 431 83 35,2023-05-14
8c3ab09b-d1cd-11ec-af5f-5254004e4f4c,Henri,Gleason,Sherman.Hoppe@yahoo.com,+41 72 692 01 32,2022-05-15
8c3abb3d-d1cd-11ec-af5f-5254004e4f4c,Gino,Purdy,Dalton_Crona84@gmail.com,+41 10 235 08 85,2023-05-14
8c3ad319-d1cd-11ec-af5f-5254004e4f4c,Bernard,Windler,Clair2@yahoo.com,+41 62 396 61 11,2023-05-14
8c3ade49-d1cd-11ec-af5f-5254004e4f4c,Destinee,Kautzer,Spencer.Ritchie@gmail.com,+41 84 950 65 73,2023-05-14
8c3ae961-d1cd-11ec-af5f-5254004e4f4c,Maryse,Walker,Cassie_Miller46@yahoo.com,+41 73 376 41 26,2023-05-14
8c3af59f-d1cd-11ec-af5f-5254004e4f4c,Lloyd,Funk,Moriah.Adams31@yahoo.com,+41 61 440 53 19,2023-05-14
8c3b25df-d1cd-11ec-af5f-5254004e4f4c,Caitlyn,Klein,Maureen29@hotmail.com,+41 07 478 72 12,2023-05-14
8c3b3f09-d1cd-11ec-af5f-5254004e4f4c,Elody,Cronin,Reed_Rempel67@yahoo.com,+41 89 643 66 96,2023-05-14
8c3b44ac-d1cd-11ec-af5f-5254004e4f4c,Kathleen,Wisoky,America.Hirthe@yahoo.com,+41 82 582 76 37,2022-05-15
8c3b4a56-d1cd-11ec-af5f-5254004e4f4c,Riley,Donnelly,Maurine.Bartoletti@gmail.com,+41 68 847 99 23,2023-05-15
8c3b5ad3-d1cd-11ec-af5f-5254004e4f4c,Dorothy,Roob,Casandra_Carroll41@yahoo.com,+41 26 819 59 57,2023-05-15
8c3b61af-d1cd-11ec-af5f-5254004e4f4c,Julian,Hamill,Manley33@yahoo.com,+41 98 879 65 05,2023-05-14
8c3b6a7a-d1cd-11ec-af5f-5254004e4f4c,Johathan,Parker,Adele.Dietrich@yahoo.com,+41 11 567 06 50,2023-05-14
8c3b7118-d1cd-11ec-af5f-5254004e4f4c,Norene,Reynolds,Eloisa54@gmail.com,+41 07 558 31 32,2023-05-14
8c3b794f-d1cd-11ec-af5f-5254004e4f4c,Kian,Harris,Kamren84@gmail.com,+41 99 807 28 10,2023-05-14
8c3b7f39-d1cd-11ec-af5f-5254004e4f4c,Declan,Kshlerin,Anthony_Wintheiser@yahoo.com,+41 14 413 76 97,2023-05-15
8c3b84cd-d1cd-11ec-af5f-5254004e4f4c,Hank,Goodwin,Katelyn.Johns86@gmail.com,+41 95 182 21 00,2023-05-14
8c3b9737-d1cd-11ec-af5f-5254004e4f4c,Fausto,Murphy,Serena.Gutkowski59@yahoo.com,+41 66 505 71 89,2022-05-15
8c3ba8fb-d1cd-11ec-af5f-5254004e4f4c,August,Renner,Madie24@yahoo.com,+41 61 117 70 96,2023-05-15
8c3baef7-d1cd-11ec-af5f-5254004e4f4c,Agnes,Lemke,Makayla.Abbott@hotmail.com,+41 10 759 82 49,2023-05-14
8c3bb4cf-d1cd-11ec-af5f-5254004e4f4c,Deven,Predovic,Tillman_Grady8@yahoo.com,+41 06 491 41 63,2022-05-15
8c3d349a-d1cd-11ec-af5f-5254004e4f4c,Beryl,Davis,Pearline_Kilback@yahoo.com,+41 05 674 67 95,2023-05-14
8c3d3cf2-d1cd-11ec-af5f-5254004e4f4c,Flavie,Pouros,Halle31@hotmail.com,+41 73 810 46 28,2022-05-15
8c7b0a76-4392-11ec-92ab-5254004e4f4c,Ashlee,Ankunding,Lenora.Murray85@yahoo.com,+41 85 622 45 87,2023-05-14
8c7b539f-4392-11ec-92ab-5254004e4f4c,Foster,Wintheiser,Earnestine.Barrows@hotmail.com,+41 58 009 58 30,2023-05-14
8c7bbaa1-4392-11ec-92ab-5254004e4f4c,Enrique,Feil,Frederic_Schaefer@gmail.com,+41 82 252 38 41,2023-05-14
981c4b4a-d1cd-11ec-af5f-5254004e4f4c,Tony,Effertz,Lesley_Treutel9@gmail.com,+41 76 506 34 73,2023-05-14
981c5400-d1cd-11ec-af5f-5254004e4f4c,Dewitt,Carter,Van.Windler@gmail.com,+41 02 112 15 66,2022-05-15
981c6158-d1cd-11ec-af5f-5254004e4f4c,Magdalen,Runte,Larry_Walter@hotmail.com,+41 36 106 21 54,2022-05-15
981c6a78-d1cd-11ec-af5f-5254004e4f4c,Maci,Gulgowski,Clement_Wyman82@yahoo.com,+41 63 258 28 94,2023-05-15
981c723a-d1cd-11ec-af5f-5254004e4f4c,Emelie,Donnelly,Mohammad.Wiza@gmail.com,+41 50 715 18 02,2023-05-15
981c7c11-d1cd-11ec-af5f-5254004e4f4c,Stephanie,Bode,Annalise54@yahoo.com,+41 73 443 88 89,2023-05-14
981c8e48-d1cd-11ec-af5f-5254004e4f4c,Brendon,Fahey,Gianni_Kassulke@hotmail.com,+41 55 483 47 59,2023-05-14
981c9675-d1cd-11ec-af5f-5254004e4f4c,Hudson,Swaniawski,Jaden.Dietrich@gmail.com,+41 63 116 47 56,2023-05-14
981c9f58-d1cd-11ec-af5f-5254004e4f4c,Wilbert,Wisozk,Betty_Breitenberg@gmail.com,+41 75 166 86 80,2023-05-14
981cadf6-d1cd-11ec-af5f-5254004e4f4c,Lillian,Pfeffer,Lorenzo.Kub47@hotmail.com,+41 37 285 30 46,2023-05-14
981cb752-d1cd-11ec-af5f-5254004e4f4c,Arnoldo,Sipes,Finn39@gmail.com,+41 69 747 68 20,2023-05-14
981cbfcc-d1cd-11ec-af5f-5254004e4f4c,Theresia,Borer,Zackary.Schmidt@gmail.com,+41 38 753 85 48,2022-05-15
981cc6eb-d1cd-11ec-af5f-5254004e4f4c,Cortez,Considine,Derek_Beer72@gmail.com,+41 17 637 04 10,2023-05-14
9a0a5b81-e561-11eb-8053-5254004e4f4c,Julian,Fritsch,Veda13@yahoo.com,+41 73 116 59 31,2022-09-01
9a0a8b98-e561-11eb-8053-5254004e4f4c,Lessie,Schowalter,Felipe.Wolff@yahoo.com,+41 40 765 25 61,2023-05-14
9a0aa1ce-e561-11eb-8053-5254004e4f4c,Rocio,Metz,Emerson_Kuhlman@yahoo.com,+41 47 445 98 40,2023-05-14
9a0aea56-e561-11eb-8053-5254004e4f4c,Dangelo,Schiller,Sabina.Durgan91@hotmail.com,+41 71 714 90 02,2023-05-14
9a0b1eb2-e561-11eb-8053-5254004e4f4c,Octavia,Hodkiewicz,Jude.Thiel@yahoo.com,+41 26 823 44 76,2023-05-14
9c8f0ac2-4392-11ec-92ab-5254004e4f4c,Kiera,Kshlerin,Elyse.McGlynn@gmail.com,+41 11 074 75 96,2023-05-14
9c8f204e-4392-11ec-92ab-5254004e4f4c,Elliot,Moen,Carolyn.Johnson32@gmail.com,+41 73 094 43 77,2022-09-01
9c8f3c8b-4392-11ec-92ab-5254004e4f4c,Beau,Parker,Chase_Willms20@hotmail.com,+41 89 760 32 35,2023-05-14
a294b19a-e561-11eb-8053-5254004e4f4c,Terrell,Keebler,Jermain9@gmail.com,+41 18 578 57 05,2021-09-01
a294e3cf-e561-11eb-8053-5254004e4f4c,Leilani,Dooley,Bessie.Hegmann@hotmail.com,+41 78 768 85 35,2022-09-01
a2965d55-e561-11eb-8053-5254004e4f4c,Arely,Cruickshank,Eulalia_Cremin2@hotmail.com,+41 53 404 83 66,2021-09-01
a29662f2-e561-11eb-8053-5254004e4f4c,Sabryna,Rau,Aliyah_Blick@yahoo.com,+41 36 345 95 95,2023-05-14
a296684b-e561-11eb-8053-5254004e4f4c,Gladys,Swift,Kian.Kreiger@hotmail.com,+41 83 788 67 30,2023-05-14
a29671c7-e561-11eb-8053-5254004e4f4c,Judson,Kuphal,Mercedes_Dietrich0@yahoo.com,+41 27 251 92 08,2023-05-14
a2967714-e561-11eb-8053-5254004e4f4c,Willow,Bogisich,Dianna.Gislason8@yahoo.com,+41 20 524 54 66,2021-09-01
a29679a8-e561-11eb-8053-5254004e4f4c,Sabryna,Brekke,Horacio87@gmail.com,+41 87 101 23 18,2021-09-01
a296a328-e561-11eb-8053-5254004e4f4c,Leatha,Shields,Alysson30@gmail.com,+41 92 404 85 30,2022-09-01
a296b1d1-e561-11eb-8053-5254004e4f4c,Benjamin,Smith,Lorine72@gmail.com,+41 02 969 58 21,2021-09-01
a6dbd495-4392-11ec-92ab-5254004e4f4c,Garnett,Morar,Joannie64@hotmail.com,+41 84 084 23 52,2023-05-14
a6dc070f-4392-11ec-92ab-5254004e4f4c,Lucinda,Bayer,Shaniya.Bartoletti44@hotmail.com,+41 49 148 49 68,2023-05-14
a7c4b3d2-e561-11eb-8053-5254004e4f4c,Augustine,Quitzon,Ara_Koelpin78@hotmail.com,+41 32 948 03 82,2023-05-14
a7c4cdf5-e561-11eb-8053-5254004e4f4c,Gunnar,Pouros,Michele.Bernhard@gmail.com,+41 65 141 54 97,2021-09-01
a7c4e4c1-e561-11eb-8053-5254004e4f4c,Mauricio,Miller,Amy.Dickinson@gmail.com,+41 14 580 89 42,2022-09-01
a7c4e4c6-e561-11eb-8053-5254004e4f4c,Myrna,Spinka,Carlotta_Gorczany76@yahoo.com,+41 98 610 61 31,2023-05-14
a7c4fd83-e561-11eb-8053-5254004e4f4c,Phyllis,Schmidt,Abigail.Klein@yahoo.com,+41 20 843 83 84,2023-05-14
a7c544f5-e561-11eb-8053-5254004e4f4c,Oral,Borer,Magdalen_Koss@hotmail.com,+41 80 678 53 33,2022-09-01
a7c565fd-e561-11eb-8053-5254004e4f4c,Mary,Mitchell,Camylle.Balistreri63@hotmail.com,+41 69 336 42 52,2022-09-01
a7c5683b-e561-11eb-8053-5254004e4f4c,Sarai,Rath,Raul.Schowalter63@hotmail.com,+41 67 852 86 02,2022-05-15
a7c5771b-e561-11eb-8053-5254004e4f4c,Abel,Rosenbaum,Keyshawn32@yahoo.com,+41 71 384 43 58,2023-05-14
a7c57b11-e561-11eb-8053-5254004e4f4c,Christy,Blanda,Sharon.Kassulke33@gmail.com,+41 84 191 11 39,2021-09-01
a7c5857c-e561-11eb-8053-5254004e4f4c,Hudson,Wilderman,Precious.Kertzmann@hotmail.com,+41 26 245 89 79,2021-09-01
a7c5aa41-e561-11eb-8053-5254004e4f4c,Nola,Jakubowski,Jesse_Beahan@yahoo.com,+41 28 409 84 46,2021-09-01
a7c5c5d1-e561-11eb-8053-5254004e4f4c,Leone,Wiza,Elisabeth45@gmail.com,+41 82 551 95 37,2022-09-01
a7c5e546-e561-11eb-8053-5254004e4f4c,Oleta,Rowe,Elmira4@gmail.com,+41 18 578 42 54,2021-09-01
b27663bc-e561-11eb-8053-5254004e4f4c,Stephen,Blick,Titus_Muller@yahoo.com,+41 64 312 63 51,2023-05-14
b8598f47-237e-11ec-8629-5254004e4f4c,Caterina,Larkin,America.OConnell@gmail.com,+41 76 026 41 82,2023-05-14
b8b1cb7b-e561-11eb-8053-5254004e4f4c,Delbert,Effertz,Adonis_McDermott61@yahoo.com,+41 88 687 90 52,2021-09-01
b8b1f1f9-e561-11eb-8053-5254004e4f4c,Narciso,Marquardt,Milton_Wolf90@gmail.com,+41 18 815 95 94,2022-09-01
b8b214d0-e561-11eb-8053-5254004e4f4c,Dustin,Streich,Hilda_Larson57@hotmail.com,+41 54 066 17 93,2021-09-01
b8b2254f-e561-11eb-8053-5254004e4f4c,Karlee,Dietrich,Dock27@hotmail.com,+41 11 864 26 44,2023-05-14
b8b228d7-e561-11eb-8053-5254004e4f4c,Natalie,DuBuque,Bennie42@gmail.com,+41 64 646 50 21,2023-05-14
b8b239c7-e561-11eb-8053-5254004e4f4c,Mariano,Brown,Erica.MacGyver82@gmail.com,+41 12 042 30 45,2023-05-14
bfb3e964-e561-11eb-8053-5254004e4f4c,Darby,Heller,Martin_Franecki97@hotmail.com,+41 27 272 09 07,2023-05-14
bfb42b3c-e561-11eb-8053-5254004e4f4c,Darby,Schneider,Taryn.Lakin22@yahoo.com,+41 43 762 18 15,2022-09-01
cfcd7956-2514-11ec-a96e-5254004e4f4c,Summer,Gutkowski,Elmore3@gmail.com,+41 44 737 49 44,2022-09-01
dd6c4365-4392-11ec-92ab-5254004e4f4c,Mason,Rowe,Lance73@hotmail.com,+41 41 161 76 35,2023-05-14
dd6c5c94-4392-11ec-92ab-5254004e4f4c,Milan,Ziemann,Kira_Blanda24@yahoo.com,+41 60 709 64 36,2023-05-14
dd6c7385-4392-11ec-92ab-5254004e4f4c,Eleonore,Lindgren,Aliyah_Stamm3@yahoo.com,+41 39 335 67 35,2023-05-14
e166d35b-2380-11ec-8629-5254004e4f4c,Effie,Lubowitz,Alek62@yahoo.com,+41 13 846 82 39,2023-05-14
e7bcaf47-4392-11ec-92ab-5254004e4f4c,Elda,Rohan,Rosario_Schamberger@hotmail.com,+41 10 956 45 23,2023-05-14
e7bcd901-4392-11ec-92ab-5254004e4f4c,Lavinia,Kemmer,Maude86@hotmail.com,+41 32 368 06 21,2023-05-14
e7bcd90e-4392-11ec-92ab-5254004e4f4c,Santa,Bayer,Laisha.Collier@gmail.com,+41 51 215 02 09,2023-05-14
e7bcfb62-4392-11ec-92ab-5254004e4f4c,Riley,Hamill,Preston_Koelpin43@gmail.com,+41 65 143 87 54,2023-05-14
ea8e61fb-25b7-11ec-a96e-5254004e4f4c,Lelah,Bashirian,Emile_Beatty60@yahoo.com,+41 73 448 27 28,2023-05-14
ed10ac6f-e72f-11ec-a730-5254004e4f4c,Julia,Swaniawski,Alfreda.Koch@yahoo.com,+41 46 894 81 49,2023-05-14
f27a6873-4392-11ec-92ab-5254004e4f4c,Franz,Schowalter,Eldon26@gmail.com,+41 29 444 43 98,2023-05-14
f493a788-d1c0-11ec-9927-5254004e4f4c,Jacky,Ankunding,Robyn_Cronin@yahoo.com,+41 92 032 10 33,2023-05-15
f493e551-d1c0-11ec-9927-5254004e4f4c,Danielle,Waelchi,Steve.Pfeffer22@yahoo.com,+41 11 413 81 04,2023-05-15
f4941088-d1c0-11ec-9927-5254004e4f4c,Ahmad,Wintheiser,Janelle_Sanford@gmail.com,+41 09 281 46 85,2023-05-14
f494b6e0-d1c0-11ec-9927-5254004e4f4c,Bennie,Bernier,Bernhard_Nolan48@gmail.com,+41 04 129 58 59,2023-05-15
f495b3e6-d1c0-11ec-9927-5254004e4f4c,Glennie,Ritchie,Ross.Franecki@hotmail.com,+41 07 374 11 55,2022-05-15
f495bc99-d1c0-11ec-9927-5254004e4f4c,Wilfredo,Feil,Camron.Fahey@hotmail.com,+41 57 470 47 01,2022-05-15
f495d209-d1c0-11ec-9927-5254004e4f4c,Jeramie,Daugherty,Nella_Daniel@hotmail.com,+41 04 215 47 35,2023-05-14
f495d8b7-d1c0-11ec-9927-5254004e4f4c,Dakota,Mayert,Rubye_Aufderhar32@gmail.com,+41 68 885 40 94,2023-05-15
f4ade286-d1c0-11ec-9927-5254004e4f4c,Veronica,Sanford,Kallie78@gmail.com,+41 33 267 46 28,2022-05-15
f4adea4c-d1c0-11ec-9927-5254004e4f4c,Alfreda,Kohler,Delilah_Thiel30@hotmail.com,+41 57 506 55 44,2023-05-15
f4adf25e-d1c0-11ec-9927-5254004e4f4c,Colt,Feeney,Sigrid_Thiel@gmail.com,+41 64 505 03 49,2023-05-14
f4adf68b-d1c0-11ec-9927-5254004e4f4c,Name,Quitzon,Leopold.Schamberger@yahoo.com,+41 80 477 32 21,2023-05-14
f4adffce-d1c0-11ec-9927-5254004e4f4c,Laverna,Blanda,Yazmin.Collier80@hotmail.com,+41 52 362 88 89,2022-05-15
f4ae0314-d1c0-11ec-9927-5254004e4f4c,Marielle,Jacobson,Eldred_Rowe@hotmail.com,+41 09 215 56 96,2023-05-15
f4ae09d2-d1c0-11ec-9927-5254004e4f4c,Beaulah,Yost,Coby21@hotmail.com,+41 90 518 85 55,2022-05-15
f4ae10f3-d1c0-11ec-9927-5254004e4f4c,Dan,Hammes,Judy93@hotmail.com,+41 54 576 10 79,2023-05-14
f4ae1506-d1c0-11ec-9927-5254004e4f4c,Johnathon,Hegmann,Kelsi17@gmail.com,+41 80 237 30 08,2023-05-14
f4ae255e-d1c0-11ec-9927-5254004e4f4c,Ayla,Marks,Laury_Hackett@yahoo.com,+41 11 611 02 10,2023-05-14
f4ae423d-d1c0-11ec-9927-5254004e4f4c,Paris,Bernhard,Enrico.Greenholt51@yahoo.com,+41 69 446 63 42,2023-05-14
f4ae4bb1-d1c0-11ec-9927-5254004e4f4c,Eleanora,Greenfelder,Lester_Abbott85@gmail.com,+41 31 658 53 15,2022-05-15
f4ae5759-d1c0-11ec-9927-5254004e4f4c,Eldon,Jaskolski,Sarina62@yahoo.com,+41 38 021 53 60,2023-05-14
f4afc227-d1c0-11ec-9927-5254004e4f4c,Forrest,Powlowski,Gunner_Kulas41@yahoo.com,+41 12 929 30 10,2023-05-14
f4afc238-d1c0-11ec-9927-5254004e4f4c,Adriel,Schulist,Evert11@yahoo.com,+41 72 199 82 53,2023-05-14
f4afc851-d1c0-11ec-9927-5254004e4f4c,Mia,Bartoletti,Kory.Schmeler14@gmail.com,+41 46 463 49 17,2022-05-15
f4afc85d-d1c0-11ec-9927-5254004e4f4c,Kamryn,Abshire,Erin82@gmail.com,+41 47 029 66 58,2022-05-15
f4afcb62-d1c0-11ec-9927-5254004e4f4c,June,Pfeffer,Justine.Leuschke56@hotmail.com,+41 41 790 56 33,2023-05-15
f4afd05f-d1c0-11ec-9927-5254004e4f4c,Thomas,Bailey,Genesis36@gmail.com,+41 48 108 42 32,2023-05-15
f4afd486-d1c0-11ec-9927-5254004e4f4c,Ottis,Hammes,Carmen42@gmail.com,+41 40 127 84 75,2023-05-14
f4afd749-d1c0-11ec-9927-5254004e4f4c,Merl,Gerlach,Tatum_Abbott74@yahoo.com,+41 70 739 36 27,2023-05-15
f4afda74-d1c0-11ec-9927-5254004e4f4c,Alivia,Johns,Garnett27@yahoo.com,+41 26 839 34 21,2023-05-15
f4afdbbd-d1c0-11ec-9927-5254004e4f4c,Vaughn,Deckow,Jillian_Rempel32@hotmail.com,+41 92 418 23 54,2023-05-15
f4afdef5-d1c0-11ec-9927-5254004e4f4c,Lazaro,Bins,Maribel73@gmail.com,+41 46 591 81 97,2023-05-15
f4afe57e-d1c0-11ec-9927-5254004e4f4c,Elda,Purdy,Eriberto.Mosciski@hotmail.com,+41 58 355 46 97,2023-05-14
f4afe58e-d1c0-11ec-9927-5254004e4f4c,Jaiden,Ledner,Carlo.Ortiz45@gmail.com,+41 08 040 88 93,2022-05-15
f4afebf1-d1c0-11ec-9927-5254004e4f4c,Kiel,Bartell,Judah_Steuber40@yahoo.com,+41 15 744 74 46,2023-05-15
f4b0009b-d1c0-11ec-9927-5254004e4f4c,Aisha,Boehm,Leanne.Bayer@hotmail.com,+41 52 833 89 51,2022-05-15
f4b006c0-d1c0-11ec-9927-5254004e4f4c,Benton,Hansen,Lawrence68@gmail.com,+41 08 051 21 87,2023-05-14
f4b010df-d1c0-11ec-9927-5254004e4f4c,Jayde,Crist,Cheyenne75@hotmail.com,+41 69 227 22 39,2022-05-15
f4b01716-d1c0-11ec-9927-5254004e4f4c,Weldon,Ratke,Tierra.Muller6@gmail.com,+41 80 641 01 93,2023-05-14
f4b03056-d1c0-11ec-9927-5254004e4f4c,Rhea,Langosh,Marianne99@hotmail.com,+41 79 541 92 68,2022-05-15
f4b0349e-d1c0-11ec-9927-5254004e4f4c,Jamal,Mueller,Hallie_Bins38@yahoo.com,+41 55 982 20 60,2022-05-15
f4b03a99-d1c0-11ec-9927-5254004e4f4c,Brooke,Kautzer,Myra_Jacobi95@hotmail.com,+41 17 232 73 72,2023-05-15
fb3082ca-22c4-11ec-8629-5254004e4f4c,Bradford,Torphy,Mellie59@gmail.com,+41 73 065 77 16,2022-09-01
